Epoch,Criterion_Weight_Raw,Criterion_Weight_Reduced,Train_Autoencoder_TotalDatapoints,Train_Encoder_Loss,Train_Autoencoder_Loss,Train_Autoencoder_Total_Criterion,Train_Autoencoder_Raw_Criterion,Train_Autoencoder_Reduced_Criterion,Train_Autoencoder_Valid,Train_Autoencoder_Accuracy,Train_Autoencoder_Perfects,Train_Encoder_LR,Train_Autoencoder_LR,Val_Autoencoder_TotalDatapoints,Val_Encoder_Loss,Val_Autoencoder_Loss,Val_Autoencoder_Total_Criterion,Val_Autoencoder_Raw_Criterion,Val_Autoencoder_Reduced_Criterion,Val_Autoencoder_Valid,Val_Autoencoder_Accuracy,Val_Autoencoder_Perfects,Example,AutoencodedExample
1,0.30000001287049455,0.6999999871295055,16384,0.0,1.6624634866602719,1.6624634866602719,2.9123198026791215,1.1268107469659299,0.0,0.5216560363769531,0.0,0.001,0.001,16384,0.0,1.2171455989591777,1.217145596565984,2.0075981887057424,0.8783801791723818,0.0,0.6661853790283203,0.0,{5.0}-{0.0}<{7.0}/machine_current_breakdown_rate*{-6.0}<{-8.0}+{-14.0}-{0.0}/{11.0}-{9.0}<{-7.0}*pair_number_of_alternative_operations/{-1.0}-{-14.0}>{-4.0}-{5.0}EOS,{11.0}-pair_number_of_alternative_operations<{7.0}/machine_current_breakdown_rate*{-7.0}<machine_current_breakdown_rate+{0.0}-{10.0}/operation_cooldown-{9.0}<{-2.0}*pair_number_of_alternative_operations/{-1.0}-{-14.0}>{-8.0}-{-5.0}pair_number_of_alternative_machines
2,0.3069306683908387,0.6930693316091613,32768,0.0,1.016053437255323,1.016053437255323,1.661388520617038,0.7302622192073613,0.0,0.7285194396972656,0.0,0.001,0.001,16384,0.0,0.7244910984300077,0.7244910999611337,1.1569465482607484,0.5329751379322261,0.0,0.8089027404785156,0.000244140625,{9.0}<{4.0}<{-13.0}>{-9.0}*{-12.0}-{-7.0}*{-5.0}+{-6.0}+{-8.0}/operation_work_required-job_remaining_work_to_complete/{2.0}-{-11.0}+{11.0}-{2.0}<{-13.0}EOS,{9.0}<pair_number_of_alternative_machines<{-3.0}>{-9.0}*{-12.0}-{-7.0}*{4.0}+{-6.0}+{3.0}/operation_work_required-job_remaining_work_to_complete/{2.0}-{-11.0}+pair_expected_work_power-{2.0}<{-13.0}EOS
3,0.3137255221704285,0.6862744778295715,49152,0.0,0.6054631486767903,0.6054631486767903,0.99118686420843,0.42913228110410273,0.0,0.8402900695800781,0.00250244140625,0.001,0.001,16384,0.0,0.40535461134277284,0.4053546102176222,0.6505699746776372,0.29325614124536514,0.0,0.8982639312744141,0.021484375,{-9.0}+job_relative_deadline/{-6.0}<job_time_alive+{-14.0}<{12.0}*{-14.0}+job_remaining_number_of_operations*{-14.0}-machine_capacity+{-9.0}-{11.0}<job_earliness_penalty>{-5.0}+{13.0}+{0.0}EOS,{-9.0}+job_relative_deadline/{-6.0}<job_time_alive+{-14.0}<{12.0}*{-7.0}+job_remaining_number_of_operations*{-14.0}-machine_capacity+job_remaining_work_to_complete-{11.0}<{2.0}>warehouse_utilization_rate+{10.0}+{0.0}EOS
4,0.3203883269971141,0.6796116730028858,65536,0.0,0.35191470419522375,0.35191470419522375,0.6030856267316267,0.23350556724471971,0.0,0.8992462158203125,0.02508544921875,0.001,0.001,16384,0.0,0.2271753260283731,0.22717532653680417,0.3913134216563776,0.1497959468397312,0.0,0.9339199066162109,0.09423828125,machine_cooldown-{15.0}>operation_work_required-operation_cooldown<machine_replacement_cooldown>job_earliness_penalty<{-10.0}-machine_cooldown>{0.0}>pair_expected_work_power/{-5.0}*{15.0}/{-5.0}*operation_work_required-{-3.0}+{1.0}EOS,machine_cooldown-{15.0}>operation_work_required-operation_cooldown<machine_replacement_cooldown>job_earliness_penalty<{-10.0}-machine_cooldown>{0.0}>pair_expected_work_power/{8.0}*{15.0}/{-5.0}*operation_work_required-{-3.0}+{1.0}EOS
5,0.3269230719452633,0.6730769280547366,81920,0.0,0.21013873431365937,0.21013873431365937,0.4012271078536287,0.11732438355102204,0.0,0.9231681823730469,0.06854248046875,0.001,0.001,16384,0.0,0.13515073503367603,0.13515073519991821,0.26804032822838053,0.07060436290339567,0.0,0.9460868835449219,0.15057373046875,pair_expected_processing_time/pair_number_of_alternative_machines+job_relative_deadline+operation_work_required*{6.0}*{-1.0}*{-2.0}/warehouse_utilization_rate-{-6.0}-operation_work_required<{6.0}<{12.0}-job_lateness_penalty>{15.0}+machine_replacement_cooldown/{-1.0}EOS,pair_expected_processing_time/pair_number_of_alternative_machines+job_relative_deadline+operation_work_required*{6.0}*job_remaining_work_to_complete*{-2.0}/warehouse_utilization_rate-{-6.0}-operation_work_required<{6.0}<{12.0}-job_lateness_penalty>{15.0}+machine_replacement_cooldown/{-1.0}EOS
6,0.33333334421435695,0.6666666557856431,98304,0.0,0.14857498439960182,0.14857498439960182,0.33521189051680267,0.05525652677170001,0.0,0.9201774597167969,0.0560302734375,0.001,0.001,16384,0.0,0.10634271748131141,0.10634271660416539,0.2576639228500426,0.03068210977653507,0.0,0.9311809539794922,0.08843994140625,pair_expected_processing_time-{10.0}*{0.0}*{10.0}<{1.0}*{14.0}<{0.0}<{-3.0}*{4.0}+{-12.0}+{5.0}<{0.0}>job_time_alive>{11.0}-operation_work_required+{-3.0}EOS,pair_expected_processing_time-{10.0}*{0.0}*{10.0}<{1.0}*pair_expected_processing_time<{0.0}<{-3.0}*{4.0}+{-12.0}+{5.0}<{0.0}>job_time_alive>{11.0}-operation_work_required+{-3.0}EOS
7,0.3396226473820901,0.66037735261791,114688,0.0,0.1490592852642294,0.1490592852642294,0.39063017757143825,0.024822823110298486,0.0,0.8805866241455078,0.0142822265625,0.001,0.001,16384,0.0,0.11770057494868524,0.11770057458866058,0.32214448344893754,0.01255799013597425,0.0,0.8917274475097656,0.0164794921875,{0.0}/{-3.0}>pair_number_of_alternative_machines*warehouse_utilization_rate-{-11.0}/{-14.0}/{-9.0}*{-1.0}-{9.0}>{-5.0}<{-11.0}-{12.0}+job_earliness_penalty-warehouse_utilization_rate<machine_cooldown/{-11.0}EOS,{0.0}/{-3.0}>pair_number_of_alternative_machines*warehouse_utilization_rate-{-11.0}/{-14.0}/pair_expected_processing_time*{9.0}-{9.0}<{-14.0}<{-14.0}-{12.0}+job_earliness_penalty-warehouse_utilization_rate<machine_cooldown/{-11.0}EOS
8,0.34579438043684313,0.6542056195631569,131072,0.0,0.1754213445528876,0.1754213445528876,0.48882126389071345,0.009767110324901296,0.0,0.8290119171142578,0.00347900390625,0.001,0.001,16384,0.0,0.15369526227004826,0.1536952630095083,0.4361340149771422,0.0044062163742637495,0.0,0.83734130859375,0.00115966796875,{-4.0}*{-4.0}*job_relative_deadline/{12.0}/{-6.0}-warehouse_utilization_rate*pair_number_of_alternative_operations/operation_windup+{-14.0}-machine_cooldown>job_earliness_penalty+{-2.0}/machine_replacement_cooldown<{7.0}+{3.0}>operation_windupEOS,{0.0}*{6.0}*job_relative_deadline/{12.0}/{-6.0}>warehouse_utilization_rate*machine_replacement_cooldown/{9.0}+{-13.0}-machine_cooldown>{-3.0}+{-2.0}/machine_cooldown<{-11.0}+{-9.0}>operation_windupEOS
9,0.3518518516586773,0.6481481483413227,147456,0.0,0.19335071972454898,0.19335071972454898,0.5432084493804723,0.0034279523579243687,0.0,0.8014354705810547,0.00091552734375,0.001,0.001,16384,0.0,0.19369636167539284,0.19369636247316319,0.5477065852610394,0.001519384551102121,0.0,0.7911872863769531,6.103515625e-05,{13.0}<machine_replacement_cooldown-machine_cooldown*{5.0}/pair_expected_work_power*{14.0}>{-3.0}<{-13.0}>{11.0}-{-3.0}/{0.0}/{-15.0}+{-15.0}/{1.0}<{6.0}>{0.0}EOS,{13.0}<machine_current_breakdown_rate-machine_cooldown*{5.0}/pair_expected_work_power*machine_replacement_cooldown>{-13.0}>{-13.0}>machine_current_breakdown_rate+{-3.0}/machine_capacity/{-12.0}+{-15.0}/{10.0}<job_lateness_penalty>{2.0}EOS
10,0.35779815741548615,0.6422018425845138,163840,0.0,0.18491071788594127,0.18491071788594127,0.514494045288302,0.0012857273613917641,0.0,0.8067436218261719,0.00048828125,0.001,0.001,16384,0.0,0.18962122418452054,0.1896212235022489,0.528507946874015,0.0008129125403684156,0.0,0.8008213043212891,0.000244140625,{14.0}>pair_number_of_alternative_operations*{-13.0}+operation_cooldown>{1.0}/{5.0}>{0.0}+job_remaining_number_of_operations<{-10.0}+{2.0}/{2.0}*job_lateness_penalty<{-8.0}/{14.0}-pair_expected_processing_time-{-4.0}EOS,{14.0}>pair_number_of_alternative_operations*{-13.0}+operation_cooldown>{12.0}/{-5.0}>{12.0}+pair_expected_processing_time<job_remaining_number_of_operations+{2.0}/{2.0}*job_lateness_penalty<{-8.0}/{4.0}-pair_expected_processing_time-{0.0}EOS
11,0.3739763293678318,0.6260236706321682,180224,0.0,0.16995176777709275,0.16995176777709275,0.45334417931735516,0.0006577637157079153,0.0,0.8249282836914062,0.0009765625,0.001,0.001,16384,0.0,0.4057435236754827,0.15320530606686933,0.40889231639448553,0.00046205676960653363,0.0,0.8408718109130859,0.0015869140625,{1.0}>{-14.0}+{4.0}+{5.0}-{1.0}<{11.0}-{3.0}-{-8.0}+job_remaining_number_of_operations*machine_current_breakdown_rate<job_remaining_number_of_operations<job_remaining_number_of_operations*pair_expected_processing_time<{-7.0}*{10.0}<{-7.0}EOS,{-11.0}>{-14.0}+{4.0}+{5.0}-{1.0}<{11.0}-{9.0}-{8.0}+job_remaining_number_of_operations*machine_current_breakdown_rate<job_remaining_number_of_operations<job_remaining_number_of_operations*pair_expected_processing_time<{-7.0}*{2.0}<{7.0}EOS
12,0.9840133322519863,0.015986667748013716,196608,0.0,0.43145979481050745,0.43145979481050745,0.4384626866085455,0.0004169407145582227,0.0,0.8300037384033203,0.00189208984375,0.001,0.001,16384,0.0,0.47644868632778525,0.46883671620821726,0.47644868632778525,0.0003037986282379279,0.0,0.8160362243652344,0.000732421875,{-7.0}*{-11.0}-{6.0}+{5.0}<{-10.0}/machine_cooldown*machine_capacity-{-6.0}*job_relative_deadline-{12.0}+{-2.0}+{-2.0}>{-4.0}*{-8.0}<{8.0}+{12.0}EOS,{15.0}*{6.0}-{6.0}+{-4.0}+{-10.0}/machine_cooldown*machine_capacity-{-10.0}*machine_capacity-{-5.0}+{-2.0}+{6.0}>{-4.0}*{-8.0}<{8.0}+{2.0}EOS
13,1.0,0.0,212992,0.0,0.4115005924832076,0.4115005924832076,0.4115005924832076,0.00028527603274142166,0.0,0.8374557495117188,0.0018310546875,0.001,0.001,16384,0.0,0.3638072775211185,0.3638072775211185,0.3638072775211185,0.00022621303475034438,0.0,0.8549747467041016,0.00335693359375,{2.0}*{14.0}+{2.0}*{5.0}+{14.0}>{-9.0}-{-5.0}<{-5.0}-job_remaining_number_of_operations/{-2.0}-pair_expected_processing_time<{-2.0}+{8.0}<{-7.0}<{2.0}<machine_current_breakdown_rateEOS,{2.0}*{14.0}+{2.0}*{5.0}+{7.0}>{-9.0}-{5.0}<{-5.0}-job_remaining_number_of_operations/{-2.0}>pair_expected_processing_time<{-2.0}+{8.0}<{-7.0}<{2.0}<machine_current_breakdown_rateEOS
14,1.0,0.0,229376,0.0,0.31470957217970863,0.31470957217970863,0.31470957217970863,0.0001995938814047804,0.0,0.8719978332519531,0.00799560546875,0.001,0.001,16384,0.0,0.2630211945506744,0.2630211945506744,0.2630211945506744,0.0001609211712434444,0.0,0.8935604095458984,0.01898193359375,pair_number_of_alternative_machines<{5.0}+machine_replacement_cooldown-job_lateness_penalty<job_earliness_penalty<{-3.0}>job_relative_deadline-{12.0}>job_remaining_number_of_operations>{-11.0}/{-6.0}/job_remaining_work_to_complete-{-15.0}<job_relative_deadline/job_remaining_number_of_operations<{10.0}EOS,machine_current_breakdown_rate<{5.0}+machine_replacement_cooldown-pair_expected_work_power<job_earliness_penalty<job_lateness_penalty>job_relative_deadline-{12.0}>job_remaining_number_of_operations>{-11.0}/{-6.0}/job_remaining_work_to_complete-{-10.0}+job_relative_deadline/job_remaining_number_of_operations<{10.0}EOS
15,1.0,0.0,245760,0.0,0.23597015970153734,0.23597015970153734,0.23597015970153734,0.00014521954074098176,0.0,0.9035205841064453,0.036376953125,0.001,0.001,16384,0.0,0.19270536804106086,0.19270536804106086,0.19270536804106086,0.00012925304355349,0.0,0.9220638275146484,0.05877685546875,{2.0}-machine_replacement_cooldown<{-9.0}+{12.0}<pair_expected_processing_time<{-6.0}+{-5.0}+{-4.0}<{-11.0}>{9.0}>{6.0}/{9.0}*{-7.0}*{-14.0}>{4.0}<operation_cooldownEOS,job_relative_deadline-machine_replacement_cooldown<{-9.0}+{12.0}<pair_expected_processing_time<{-6.0}+{-5.0}+{-4.0}<{-11.0}>{9.0}>{6.0}/{9.0}*{0.0}*{-14.0}>{4.0}<operation_cooldownEOS
16,1.0,0.0,262144,0.0,0.18748772123944946,0.18748772123944946,0.18748772123944946,0.00011065494493323058,0.0,0.9231929779052734,0.0743408203125,0.001,0.001,16384,0.0,0.14839588353061117,0.14839588353061117,0.14839588353061117,0.00010078364155674535,0.0,0.9395751953125,0.1226806640625,{12.0}*{9.0}*{-5.0}/{0.0}+{-4.0}>{-1.0}>{-13.0}-{9.0}-pair_expected_processing_time<{-9.0}+{-6.0}+{2.0}+{-15.0}>{-12.0}*pair_number_of_alternative_machines-{-2.0}EOS,{12.0}*{9.0}*{-5.0}/{0.0}+{-4.0}>{-1.0}>{-13.0}-{10.0}-pair_expected_processing_time<{-9.0}+{-6.0}+{2.0}+{-15.0}>{-12.0}*pair_number_of_alternative_machines-{-2.0}EOS
17,1.0,0.0,278528,0.0,0.1494594162213616,0.1494594162213616,0.1494594162213616,8.710507526643596e-05,0.0,0.9387340545654297,0.13751220703125,0.0005623413251903491,0.0005623413251903491,16384,0.0,0.07079780602362007,0.07079780602362007,0.07079780602362007,6.883392612166972e-05,0.0,0.9720439910888672,0.39581298828125,{-12.0}>{-10.0}+warehouse_utilization_rate*pair_number_of_alternative_operations/{0.0}>{4.0}+{-9.0}>{1.0}+job_remaining_number_of_operations/{-7.0}-{-15.0}+{-14.0}>{11.0}/{-2.0}*{-9.0}+{-3.0}EOS,{-12.0}>{-10.0}+warehouse_utilization_rate*pair_number_of_alternative_operations/{0.0}>{4.0}+{-9.0}>{1.0}+job_remaining_number_of_operations/{-7.0}-{-15.0}+{-14.0}>{11.0}/{-2.0}*machine_replacement_cooldown+{-3.0}EOS
18,1.0,0.0,294912,0.0,0.09629678275086917,0.09629678275086917,0.09629678275086917,6.843588278115931e-05,0.0,0.9615364074707031,0.2789306640625,0.0005623413251903491,0.0005623413251903491,16384,0.0,0.05004231368366163,0.05004231368366163,0.05004231368366163,5.475055272086138e-05,0.0,0.9811916351318359,0.5400390625,pair_expected_work_power*{7.0}+{4.0}*machine_current_breakdown_rate<pair_expected_work_power+{7.0}*operation_work_required>{-7.0}*{6.0}*pair_expected_work_power-{-13.0}<{-4.0}/{-6.0}-{-8.0}/{-7.0}>{3.0}EOS,pair_expected_work_power*{7.0}+{4.0}*machine_current_breakdown_rate<pair_expected_work_power+{7.0}*operation_work_required>machine_capacity*{6.0}*pair_expected_work_power-{-13.0}<{-4.0}/{-6.0}-{-8.0}/machine_replacement_cooldown>{3.0}EOS
19,1.0,0.0,311296,0.0,0.07789711654186249,0.07789711654186249,0.07789711654186249,5.751821062460749e-05,0.0,0.9697456359863281,0.366455078125,0.0005623413251903491,0.0005623413251903491,16384,0.0,0.04144868505682098,0.04144868505682098,0.04144868505682098,4.8179378310919674e-05,0.0,0.9849681854248047,0.61273193359375,{-13.0}<{0.0}*{-7.0}+{-1.0}-pair_expected_processing_time/{-14.0}>{-14.0}>{14.0}*{6.0}*{1.0}<{-13.0}>job_relative_deadline/{10.0}>pair_number_of_alternative_operations*operation_windup-job_remaining_work_to_completeEOS,{-13.0}<{0.0}*{-7.0}+{9.0}-pair_expected_processing_time/{-14.0}>{-14.0}>{14.0}*{6.0}*{1.0}<{-13.0}>job_relative_deadline/{10.0}>pair_number_of_alternative_operations*operation_windup-job_remaining_work_to_completeEOS
20,1.0,0.0,327680,0.0,0.06867939524818212,0.06867939524818212,0.06867939524818212,5.170783271069013e-05,0.0,0.9738407135009766,0.42218017578125,0.0005623413251903491,0.0005623413251903491,16384,0.0,0.03725293518800754,0.03725293518800754,0.03725293518800754,4.4581725177295084e-05,0.0,0.987152099609375,0.662109375,{-8.0}<{4.0}+{-12.0}-{11.0}-{13.0}+{-4.0}<pair_number_of_alternative_machines/{-9.0}+{13.0}<{-11.0}*{5.0}/{-10.0}-{13.0}<{9.0}-{11.0}*{-7.0}EOS,{-8.0}<{4.0}+{-12.0}-{11.0}-{13.0}+{-4.0}<pair_number_of_alternative_machines/{-9.0}+{13.0}<{-11.0}*{5.0}/{-10.0}-{13.0}<{9.0}-{11.0}*{1.0}EOS
21,1.0,0.0,344064,0.0,0.06411738056340255,0.06411738056340255,0.06411738056340255,4.791449950403148e-05,0.0,0.9761161804199219,0.45843505859375,0.0005623413251903491,0.0005623413251903491,16384,0.0,0.03502858590945834,0.03502858590945834,0.03502858590945834,4.1059609671378894e-05,0.0,0.9881496429443359,0.6822509765625,machine_replacement_cooldown-{-1.0}<{-9.0}/{-10.0}-{-4.0}-operation_work_required*{13.0}>{-4.0}<{8.0}>{10.0}*pair_number_of_alternative_machines*{9.0}*{14.0}<{5.0}<{-12.0}*{-10.0}EOS,machine_replacement_cooldown-{-1.0}<{-9.0}/{-10.0}-{-4.0}-operation_work_required*{13.0}>{-4.0}<{8.0}>{10.0}*pair_number_of_alternative_machines*{9.0}*{14.0}<{5.0}<{-12.0}*{-10.0}EOS
22,1.0,0.0,360448,0.0,0.06095804614597,0.06095804614597,0.06095804614597,4.452387526043822e-05,0.0,0.9776554107666016,0.484619140625,0.0005623413251903491,0.0005623413251903491,16384,0.0,0.03309528924728511,0.03309528924728511,0.03309528924728511,3.807620493034847e-05,0.0,0.9891414642333984,0.70843505859375,{-14.0}>{-15.0}-{6.0}-{4.0}*{-11.0}*job_remaining_number_of_operations>{-6.0}>{6.0}*machine_replacement_cooldown+{-9.0}/{2.0}-pair_expected_processing_time/{14.0}<{-1.0}<operation_windup<job_lateness_penaltyEOS,{-14.0}>{-15.0}-{6.0}-{4.0}*{-11.0}*job_remaining_number_of_operations>{-6.0}>{6.0}*machine_replacement_cooldown+{-9.0}/{2.0}-pair_expected_processing_time/{14.0}<{-1.0}<operation_windup<job_lateness_penaltyEOS
23,1.0,0.0,376832,0.0,0.05836954363621771,0.05836954363621771,0.05836954363621771,4.110703579840447e-05,0.0,0.9788303375244141,0.5,0.0005623413251903491,0.0005623413251903491,16384,0.0,0.031978429047740065,0.031978429047740065,0.031978429047740065,3.550831546306199e-05,0.0,0.9897384643554688,0.719482421875,pair_number_of_alternative_operations*{0.0}*job_relative_deadline-{8.0}*job_relative_deadline*{-6.0}-{13.0}-{-5.0}>{9.0}*pair_number_of_alternative_operations-{-3.0}*{0.0}+{1.0}-{5.0}*{7.0}>{6.0}EOS,pair_number_of_alternative_operations*{0.0}*job_relative_deadline-{8.0}*job_relative_deadline*{-6.0}-{13.0}-{-5.0}>{9.0}*pair_number_of_alternative_operations-{-3.0}*{0.0}+{1.0}-{5.0}*{7.0}>{6.0}EOS
24,1.0,0.0,393216,0.0,0.05747273766610306,0.05747273766610306,0.05747273766610306,3.80977001697147e-05,0.0,0.9794998168945312,0.5157470703125,0.0005623413251903491,0.0005623413251903491,16384,0.0,0.032140873416210525,0.032140873416210525,0.032140873416210525,3.3066520856550596e-05,0.0,0.9899082183837891,0.7237548828125,{2.0}-pair_number_of_alternative_machines-warehouse_utilization_rate<{1.0}>{13.0}+machine_replacement_cooldown-{-4.0}+{-5.0}-{0.0}-job_delivery_relaxation*{1.0}/{-4.0}<{1.0}*{3.0}-pair_expected_work_power-{-2.0}EOS,{2.0}-pair_number_of_alternative_machines-warehouse_utilization_rate<{1.0}>{13.0}+machine_replacement_cooldown-{-4.0}+{-5.0}-{0.0}-job_delivery_relaxation*{1.0}/{-4.0}<{1.0}*{3.0}-pair_expected_work_power-{-2.0}EOS
25,1.0,0.0,409600,0.0,0.05638712142535951,0.05638712142535951,0.05638712142535951,3.464980917300409e-05,0.0,0.9801483154296875,0.52935791015625,0.0005623413251903491,0.0005623413251903491,16384,0.0,0.031655077524192166,0.031655077524192166,0.031655077524192166,3.038194287796614e-05,0.0,0.9902973175048828,0.73553466796875,operation_cooldown-{-6.0}<{1.0}/{12.0}-{-9.0}*{12.0}>{2.0}<{-13.0}/{12.0}<job_remaining_work_to_complete<{-9.0}+{-4.0}+{1.0}/{13.0}<{9.0}<{7.0}EOS,operation_cooldown-{-6.0}<{1.0}/{12.0}-{-9.0}*{12.0}>{2.0}<{-13.0}/{12.0}<job_remaining_work_to_complete<{-9.0}+{-4.0}+{1.0}/{13.0}<{9.0}<{7.0}EOS
26,1.0,0.0,425984,0.0,0.05470140930265188,0.05470140930265188,0.05470140930265188,3.121060206723314e-05,0.0,0.9811553955078125,0.54437255859375,0.0005623413251903491,0.0005623413251903491,16384,0.0,0.031689206494775135,0.031689206494775135,0.031689206494775135,2.733028684076544e-05,0.0,0.9901847839355469,0.732421875,{-14.0}<{-7.0}>pair_number_of_alternative_machines+pair_expected_work_power+{-7.0}/{3.0}*operation_cooldown/{-14.0}/{-13.0}*{-8.0}*{-2.0}/{-12.0}*pair_number_of_alternative_machines+{-8.0}<{8.0}*job_remaining_number_of_operationsEOS,{-14.0}<{-7.0}>pair_number_of_alternative_machines+pair_expected_work_power+{-7.0}/{3.0}*operation_cooldown/{-14.0}/{-13.0}*{-8.0}*{-2.0}/{-12.0}*pair_number_of_alternative_machines+{-8.0}<{8.0}*job_remaining_number_of_operationsEOS
27,1.0,0.0,442368,0.0,0.053852985525736585,0.053852985525736585,0.053852985525736585,2.7659628642595635e-05,0.0,0.9815158843994141,0.55035400390625,0.0005623413251903491,0.0005623413251903491,16384,0.0,0.030552900076145306,0.030552900076145306,0.030552900076145306,2.427729067733253e-05,0.0,0.9907112121582031,0.7449951171875,{7.0}<{11.0}/{13.0}/{-10.0}>{-11.0}*{-6.0}-pair_expected_work_power*{-1.0}<{-12.0}*job_earliness_penalty*pair_number_of_alternative_operations*{-2.0}<job_remaining_number_of_operations>{10.0}<{0.0}/{4.0}EOS,{7.0}<{11.0}/{13.0}/{-10.0}>{-11.0}*{-6.0}-pair_expected_work_power*{-1.0}<{-12.0}*job_earliness_penalty*pair_number_of_alternative_operations*{-2.0}<job_remaining_number_of_operations>{10.0}<{0.0}/{4.0}EOS
28,1.0,0.0,458752,0.0,0.05199306635768153,0.05199306635768153,0.05199306635768153,2.4487038224663138e-05,0.0,0.9821739196777344,0.56494140625,0.0005623413251903491,0.0005623413251903491,16384,0.0,0.0293007157597458,0.0293007157597458,0.0293007157597458,2.1259339433754576e-05,0.0,0.9908447265625,0.748291015625,{-14.0}/operation_windup/{11.0}+{7.0}+{-4.0}*pair_number_of_alternative_machines/{-10.0}+{-8.0}-{-13.0}-{-3.0}>{11.0}*{13.0}+{0.0}+{-3.0}+{7.0}*{2.0}EOS,{-14.0}/operation_windup/{11.0}+{7.0}+{-4.0}*pair_number_of_alternative_machines/{-10.0}+{-8.0}-{-13.0}-{-3.0}>{11.0}*{13.0}+{0.0}+{-3.0}+{7.0}*{2.0}EOS
29,1.0,0.0,475136,0.0,0.05008459712553304,0.05008459712553304,0.05008459712553304,2.164504456203531e-05,0.0,0.9829921722412109,0.578369140625,0.0005623413251903491,0.0005623413251903491,16384,0.0,0.027050531723944005,0.027050531723944005,0.027050531723944005,1.8851230620953174e-05,0.0,0.9919261932373047,0.771484375,{7.0}/{9.0}*{-8.0}*{13.0}>{11.0}+{-6.0}/{-1.0}/{6.0}-job_lateness_penalty+{-10.0}>{-6.0}*{14.0}-{-12.0}<{-14.0}>{1.0}+{-6.0}EOS,{7.0}/{9.0}*{-8.0}*{13.0}>{11.0}+{-6.0}/{-1.0}/{6.0}-job_lateness_penalty+{-10.0}>{-6.0}*{14.0}-{-12.0}<{-14.0}>{1.0}+{-6.0}EOS
30,1.0,0.0,491520,0.0,0.04715170321287587,0.04715170321287587,0.04715170321287587,1.898482748430297e-05,0.0,0.9839820861816406,0.601318359375,0.0005623413251903491,0.0005623413251903491,16384,0.0,0.025689359215903096,0.025689359215903096,0.025689359215903096,1.622564839820484e-05,0.0,0.9923019409179688,0.78155517578125,{12.0}*job_lateness_penalty<{3.0}+{3.0}>{-6.0}<{-11.0}/{10.0}/{0.0}<job_relative_deadline+machine_current_breakdown_rate>{-3.0}>{5.0}/{4.0}<{6.0}+{-2.0}+{-15.0}EOS,{12.0}*job_lateness_penalty<{3.0}+{3.0}>{-6.0}<{-11.0}/{10.0}/{0.0}<job_relative_deadline+machine_current_breakdown_rate>{-3.0}>{5.0}/{4.0}<{6.0}+{-2.0}+{12.0}EOS
31,1.0,0.0,507904,0.0,0.04485894944809843,0.04485894944809843,0.04485894944809843,1.6729830949913094e-05,0.0,0.9849739074707031,0.61920166015625,0.0005623413251903491,0.0005623413251903491,16384,0.0,0.024447114221402444,0.024447114221402444,0.024447114221402444,1.4636293283132318e-05,0.0,0.9929351806640625,0.7974853515625,{-6.0}>{-3.0}>{0.0}-{5.0}+{-3.0}+{-5.0}+warehouse_utilization_rate<operation_windup*{-6.0}/{2.0}+{1.0}<{-14.0}>{10.0}+{8.0}<pair_number_of_alternative_machines>{-3.0}EOS,{-6.0}>{-3.0}>{0.0}-{5.0}+{-3.0}+{-5.0}+warehouse_utilization_rate<operation_windup*{-6.0}/{2.0}+{1.0}<{-14.0}>{10.0}+{8.0}<pair_number_of_alternative_machines>{-3.0}EOS
32,1.0,0.0,524288,0.0,0.04305399829900125,0.04305399829900125,0.04305399829900125,1.4734038753516643e-05,0.0,0.9858875274658203,0.635498046875,0.0005623413251903491,0.0005623413251903491,16384,0.0,0.022843835289677372,0.022843835289677372,0.022843835289677372,1.2663947607904902e-05,0.0,0.9934177398681641,0.81268310546875,{-12.0}<job_relative_deadline>{-12.0}/{-10.0}/{7.0}>{4.0}/warehouse_utilization_rate>{-9.0}/{14.0}>{-10.0}+{-11.0}<{10.0}>job_time_alive-{14.0}>{-14.0}/machine_cooldownEOS,{-12.0}<job_relative_deadline>{-12.0}/{-10.0}/{7.0}>{4.0}/warehouse_utilization_rate>{-9.0}/{14.0}>{-10.0}+{-11.0}<{10.0}>job_time_alive-{14.0}>{-14.0}/machine_cooldownEOS
33,1.0,0.0,540672,0.0,0.04056146451330278,0.04056146451330278,0.04056146451330278,1.2877643470687872e-05,0.0,0.9868392944335938,0.65814208984375,0.0005623413251903491,0.0005623413251903491,16384,0.0,0.020565477385389386,0.020565477385389386,0.020565477385389386,1.0850710310705836e-05,0.0,0.9942436218261719,0.83306884765625,{-2.0}*machine_capacity/{-9.0}-{9.0}<{8.0}-{13.0}+{-7.0}<{3.0}/{-4.0}+pair_expected_processing_time/{-9.0}+{3.0}-machine_current_breakdown_rate<{-7.0}<{-13.0}-{7.0}EOS,{-2.0}*machine_capacity/{-9.0}-{9.0}<{8.0}-{13.0}+{-7.0}<{3.0}/{-10.0}+pair_expected_processing_time/{-9.0}+{3.0}-machine_current_breakdown_rate<{-7.0}<{-13.0}-{7.0}EOS
34,1.0,0.0,557056,0.0,0.037221727703581564,0.037221727703581564,0.037221727703581564,1.107046052695182e-05,0.0,0.9879188537597656,0.67724609375,0.0005623413251903491,0.0005623413251903491,16384,0.0,0.01788412486712332,0.01788412486712332,0.01788412486712332,9.231706261658701e-06,0.0,0.9952430725097656,0.859619140625,{-2.0}/{2.0}+{11.0}+{8.0}/job_remaining_number_of_operations*pair_expected_work_power-{-11.0}>{5.0}<job_time_alive-{10.0}*{6.0}+job_relative_deadline+{-13.0}+{1.0}*{-14.0}*{2.0}EOS,{-2.0}/{2.0}+{11.0}+{8.0}/job_remaining_number_of_operations*pair_expected_work_power-{-11.0}>{5.0}<job_time_alive-{10.0}*{6.0}+job_relative_deadline+{-13.0}+{1.0}*{-14.0}*{2.0}EOS
35,1.0,0.0,573440,0.0,0.03421780160715571,0.03421780160715571,0.03421780160715571,9.584040423504803e-06,0.0,0.9892463684082031,0.70904541015625,0.0005623413251903491,0.0005623413251903491,16384,0.0,0.01674826046291855,0.01674826046291855,0.01674826046291855,8.112102715784886e-06,0.0,0.9955978393554688,0.869384765625,{9.0}*{11.0}+{-7.0}/machine_capacity-job_lateness_penalty/{-6.0}<{13.0}*job_relative_deadline/{-12.0}<{1.0}/{-10.0}>{5.0}>{6.0}<{13.0}/{4.0}*{-14.0}EOS,{9.0}*{11.0}+{-7.0}/machine_capacity-job_lateness_penalty/{-6.0}<{13.0}*job_relative_deadline/{-12.0}<{1.0}/{-10.0}>{5.0}>{6.0}<{13.0}/{4.0}*{-14.0}EOS
36,1.0,0.0,589824,0.0,0.031939253538439516,0.031939253538439516,0.031939253538439516,8.356168308409906e-06,0.0,0.9902057647705078,0.73370361328125,0.0005623413251903491,0.0005623413251903491,16384,0.0,0.015274241497536423,0.015274241497536423,0.015274241497536423,7.245710923697857e-06,0.0,0.9960136413574219,0.88165283203125,{-14.0}/{-4.0}<{-5.0}+{-1.0}<{2.0}/{0.0}+machine_current_breakdown_rate*machine_capacity>{15.0}/{-5.0}/job_remaining_work_to_complete/{0.0}<{-3.0}*{6.0}-{2.0}/{-14.0}EOS,{-14.0}/{-4.0}<{-5.0}+{-1.0}<{2.0}/{0.0}+machine_current_breakdown_rate*machine_capacity>{15.0}/{-5.0}/job_remaining_work_to_complete/{0.0}<{-3.0}*{6.0}-{2.0}/{-14.0}EOS
37,1.0,0.0,606208,0.0,0.029870249192754272,0.029870249192754272,0.029870249192754272,7.607861801872673e-06,0.0,0.9908161163330078,0.74603271484375,0.0005623413251903491,0.0005623413251903491,16384,0.0,0.015092362191353459,0.015092362191353459,0.015092362191353459,6.701243000506452e-06,0.0,0.9963550567626953,0.89044189453125,job_lateness_penalty+{-5.0}>operation_cooldown-{-1.0}/{-5.0}/{-7.0}/machine_replacement_cooldown*{-14.0}<{11.0}>{-4.0}*{-3.0}<{4.0}+{-2.0}<{-10.0}>{-9.0}-{0.0}EOS,job_lateness_penalty+{-5.0}>operation_cooldown-{-1.0}/{-5.0}/{-7.0}/machine_replacement_cooldown*{-14.0}<{11.0}>{-4.0}*{-3.0}<{4.0}+{-2.0}<{-10.0}>{-9.0}-{0.0}EOS
38,1.0,0.0,622592,0.0,0.028197501946124248,0.028197501946124248,0.028197501946124248,6.686171280634312e-06,0.0,0.9916019439697266,0.7642822265625,0.0005623413251903491,0.0005623413251903491,16384,0.0,0.013497377880412387,0.013497377880412387,0.013497377880412387,5.6727241730669675e-06,0.0,0.9966545104980469,0.89990234375,pair_number_of_alternative_operations/{4.0}*{3.0}>{-5.0}-{-15.0}-{-7.0}-{-7.0}/{5.0}>{-12.0}<{-8.0}/{-1.0}<{7.0}+{-2.0}>{7.0}-machine_capacity<{1.0}EOS,pair_number_of_alternative_operations/{4.0}*{3.0}>{-5.0}-{-15.0}-{-7.0}-{-7.0}/{5.0}>{-12.0}<{-8.0}/{-1.0}<{7.0}+{-2.0}>{7.0}-machine_capacity<{1.0}EOS
39,1.0,0.0,638976,0.0,0.026631867520336527,0.026631867520336527,0.026631867520336527,5.834567463836038e-06,0.0,0.9921970367431641,0.78082275390625,0.0005623413251903491,0.0005623413251903491,16384,0.0,0.01296900548186386,0.01296900548186386,0.01296900548186386,5.096386534120256e-06,0.0,0.9968547821044922,0.9051513671875,machine_replacement_cooldown<{-4.0}/job_earliness_penalty+{1.0}<{12.0}-{9.0}/{7.0}/{-9.0}*{8.0}>{5.0}>operation_cooldown>{-2.0}+{-8.0}>{-3.0}-{-7.0}-job_relative_deadlineEOS,machine_replacement_cooldown<{-4.0}/job_earliness_penalty+{1.0}<{12.0}-{9.0}/{7.0}/{-9.0}*{8.0}>{5.0}>operation_cooldown>{-2.0}+{-8.0}>{-3.0}-{-7.0}-job_relative_deadlineEOS
40,1.0,0.0,655360,0.0,0.025193078108713962,0.025193078108713962,0.025193078108713962,5.149095152034988e-06,0.0,0.9925308227539062,0.787841796875,0.0005623413251903491,0.0005623413251903491,16384,0.0,0.0119045748924691,0.0119045748924691,0.0119045748924691,4.37495292260337e-06,0.0,0.99713134765625,0.91241455078125,operation_cooldown<{6.0}>{-8.0}/{-8.0}/{-3.0}<{-1.0}+operation_cooldown/{2.0}<{-1.0}>{-8.0}/{13.0}/{4.0}*job_delivery_relaxation<{6.0}*{8.0}>operation_cooldownEOS,operation_cooldown<{6.0}>{-8.0}/{-8.0}/{-3.0}<{-1.0}+operation_cooldown/{2.0}<{-1.0}>{-8.0}/{13.0}/{4.0}*job_delivery_relaxation<{6.0}*{8.0}>operation_cooldownEOS
41,1.0,0.0,671744,0.0,0.024614761270640884,0.024614761270640884,0.024614761270640884,4.402918685642021e-06,0.0,0.9928550720214844,0.79461669921875,0.0005623413251903491,0.0005623413251903491,16384,0.0,0.01132206003239844,0.01132206003239844,0.01132206003239844,3.835072286406671e-06,0.0,0.9974327087402344,0.92144775390625,job_remaining_work_to_complete+{-10.0}-{-5.0}<{-10.0}*{9.0}-{0.0}>{-5.0}+machine_replacement_cooldown-{-10.0}/machine_capacity-job_relative_deadline+machine_replacement_cooldown>{-15.0}+pair_number_of_alternative_machines*{14.0}+{-13.0}EOS,job_remaining_work_to_complete+{-10.0}-{-5.0}<{-10.0}*{9.0}-{0.0}>{-5.0}+machine_replacement_cooldown-{-10.0}/machine_capacity-job_relative_deadline+machine_replacement_cooldown>{-15.0}+pair_number_of_alternative_machines*{14.0}+{-13.0}EOS
42,1.0,0.0,688128,0.0,0.023402375052683055,0.023402375052683055,0.023402375052683055,3.8656947802806485e-06,0.0,0.9934291839599609,0.8135986328125,0.0005623413251903491,0.0005623413251903491,16384,0.0,0.010750209676189115,0.010750209676189115,0.010750209676189115,3.2995047289929857e-06,0.0,0.9974288940429688,0.9212646484375,{-2.0}/{11.0}/job_remaining_work_to_complete+{-5.0}*pair_number_of_alternative_machines+{-2.0}*pair_number_of_alternative_operations+job_remaining_work_to_complete*{9.0}-{-3.0}<job_earliness_penalty/operation_windup>{-9.0}/{-5.0}/{-14.0}+{-6.0}EOS,{-6.0}/{11.0}/job_remaining_work_to_complete+{-5.0}*pair_number_of_alternative_machines+{-2.0}*pair_number_of_alternative_operations+job_remaining_work_to_complete*{9.0}-{-3.0}<job_earliness_penalty/operation_windup>{-9.0}/{-5.0}/{-14.0}+{-6.0}EOS
43,1.0,0.0,704512,0.0,0.021969289791741176,0.021969289791741176,0.021969289791741176,3.355742280497509e-06,0.0,0.9937648773193359,0.82012939453125,0.0005623413251903491,0.0005623413251903491,16384,0.0,0.00968924880726263,0.00968924880726263,0.00968924880726263,2.80174665423516e-06,0.0,0.9978675842285156,0.934326171875,operation_windup*{1.0}+{-12.0}<{-2.0}*{10.0}<machine_replacement_cooldown*operation_work_required+{9.0}-{6.0}>{8.0}+job_lateness_penalty-{2.0}<{-4.0}+job_relative_deadline/{-14.0}/operation_cooldownEOS,operation_windup*{1.0}+{-12.0}<{-2.0}*{10.0}<machine_replacement_cooldown*operation_work_required+{9.0}-{6.0}>{8.0}+job_lateness_penalty-{2.0}<{-4.0}+job_relative_deadline/{-14.0}/operation_cooldownEOS
44,1.0,0.0,720896,0.0,0.02025061190215638,0.02025061190215638,0.02025061190215638,2.9272550703396405e-06,0.0,0.9944496154785156,0.8377685546875,0.0005623413251903491,0.0005623413251903491,16384,0.0,0.008888386546459515,0.008888386546459515,0.008888386546459515,2.4223619190522072e-06,0.0,0.998016357421875,0.9384765625,{1.0}*{7.0}*operation_cooldown-{-4.0}/job_remaining_work_to_complete-machine_cooldown+machine_current_breakdown_rate/{12.0}-machine_replacement_cooldown>{15.0}+{6.0}/pair_expected_work_power+{-6.0}*{14.0}-{1.0}-{14.0}EOS,{1.0}*{7.0}*operation_cooldown-{-4.0}/job_remaining_work_to_complete-machine_cooldown+machine_current_breakdown_rate/{12.0}-machine_replacement_cooldown>{15.0}+{6.0}/pair_expected_work_power+{-6.0}*{14.0}-{1.0}-{14.0}EOS
45,1.0,0.0,737280,0.0,0.018640397720446344,0.018640397720446344,0.018640397720446344,2.542531117200042e-06,0.0,0.9948921203613281,0.850341796875,0.0005623413251903491,0.0005623413251903491,16384,0.0,0.007684002135647461,0.007684002135647461,0.007684002135647461,2.0668538551760207e-06,0.0,0.9984130859375,0.95086669921875,{-3.0}-{5.0}/job_time_alive/{13.0}>{2.0}+{-2.0}/{5.0}*machine_capacity+{-13.0}*{12.0}-{-3.0}<{-4.0}-{-3.0}<job_remaining_number_of_operations-{-13.0}<job_delivery_relaxationEOS,{-3.0}-{5.0}/job_time_alive/{13.0}>{2.0}+{-2.0}/{5.0}*machine_capacity+{-13.0}*{12.0}-{-3.0}<{-4.0}-{-3.0}<job_remaining_number_of_operations-{-13.0}<job_delivery_relaxationEOS
46,1.0,0.0,753664,0.0,0.017811763213103404,0.017811763213103404,0.017811763213103404,2.211740863788947e-06,0.0,0.9953155517578125,0.86273193359375,0.0005623413251903491,0.0005623413251903491,16384,0.0,0.008225104105804348,0.008225104105804348,0.008225104105804348,1.8969562507464843e-06,0.0,0.998199462890625,0.94384765625,pair_number_of_alternative_machines+{-9.0}<machine_current_breakdown_rate*{-6.0}<{13.0}>operation_work_required*{14.0}+{-8.0}<{-5.0}<{12.0}/{-1.0}/pair_number_of_alternative_operations-job_earliness_penalty-job_lateness_penalty+{7.0}<operation_windupEOS,pair_number_of_alternative_machines+{-9.0}<machine_current_breakdown_rate*{-6.0}<{13.0}>operation_work_required*{14.0}+{-8.0}<{-5.0}<{12.0}/{-1.0}/pair_number_of_alternative_operations-job_earliness_penalty-job_lateness_penalty+{7.0}<operation_windupEOS
47,1.0,0.0,770048,0.0,0.01775846039527096,0.01775846039527096,0.01775846039527096,1.999732283319844e-06,0.0,0.9953365325927734,0.86181640625,0.0005623413251903491,0.0005623413251903491,16384,0.0,0.00809188896255364,0.00809188896255364,0.00809188896255364,1.6899190109498363e-06,0.0,0.9982585906982422,0.9464111328125,{0.0}-{-2.0}<{1.0}*{-4.0}>operation_windup*{2.0}*{6.0}<{14.0}<{-5.0}+job_remaining_work_to_complete*{0.0}/job_delivery_relaxation>machine_capacity<{-2.0}*{1.0}>{-3.0}EOS,{0.0}-{-2.0}<{1.0}*{-4.0}>operation_windup*{2.0}*{6.0}<{14.0}<{-5.0}+job_remaining_work_to_complete*{0.0}/job_delivery_relaxation>machine_capacity<{-2.0}*{1.0}>{-3.0}EOS
48,1.0,0.0,786432,0.0,0.01749398153333459,0.01749398153333459,0.01749398153333459,1.7768846327648191e-06,0.0,0.9953403472900391,0.864501953125,0.0005623413251903491,0.0005623413251903491,16384,0.0,0.00775345112560899,0.00775345112560899,0.00775345112560899,1.482180488565632e-06,0.0,0.9983348846435547,0.94854736328125,{-9.0}+{1.0}+machine_current_breakdown_rate>{13.0}-job_lateness_penalty*{-8.0}<{12.0}<{9.0}*{-8.0}<{-10.0}-{-8.0}*machine_cooldown>job_remaining_number_of_operations/{7.0}*{4.0}<job_remaining_work_to_completeEOS,{-9.0}+{1.0}+machine_current_breakdown_rate>{13.0}-job_lateness_penalty*{-8.0}<{12.0}<{9.0}*{-8.0}<{-10.0}-{-8.0}*machine_cooldown>job_remaining_number_of_operations/{7.0}*{4.0}<job_remaining_work_to_completeEOS
49,1.0,0.0,802816,0.0,0.01702167193798232,0.01702167193798232,0.01702167193798232,1.5584983854566303e-06,0.0,0.9953975677490234,0.86517333984375,0.0005623413251903491,0.0005623413251903491,16384,0.0,0.0075296356135368114,0.0075296356135368114,0.0075296356135368114,1.3497684738794646e-06,0.0,0.9983119964599609,0.947509765625,{13.0}>machine_capacity>{6.0}/{-6.0}*{1.0}>{-8.0}*{13.0}*{0.0}/machine_current_breakdown_rate+{-3.0}*pair_number_of_alternative_operations+{15.0}>{11.0}-{9.0}/{15.0}>{-11.0}EOS,{13.0}>machine_capacity>{6.0}/{-6.0}*{1.0}>{-8.0}*{13.0}*{0.0}/machine_current_breakdown_rate+{-3.0}*pair_number_of_alternative_operations+{15.0}>{11.0}-{9.0}/{15.0}>{-11.0}EOS
50,1.0,0.0,819200,0.0,0.01638207288669946,0.01638207288669946,0.01638207288669946,1.3601385031591917e-06,0.0,0.9957027435302734,0.8729248046875,0.0005623413251903491,0.0005623413251903491,16384,0.0,0.007371497907115554,0.007371497907115554,0.007371497907115554,1.1614799380055274e-06,0.0,0.9983139038085938,0.94769287109375,{-12.0}*{3.0}>{9.0}>{-13.0}>{0.0}*pair_number_of_alternative_operations*pair_expected_processing_time+{15.0}>pair_expected_work_power>{-9.0}>{-5.0}<job_earliness_penalty/{2.0}/{-11.0}*{2.0}/machine_replacement_cooldownEOS,{-12.0}*{3.0}>{9.0}>{-13.0}>{0.0}*pair_number_of_alternative_operations*pair_expected_processing_time+{15.0}>pair_expected_work_power>{-9.0}>{-5.0}<job_earliness_penalty/{2.0}/{-11.0}*{2.0}/machine_replacement_cooldownEOS
51,1.0,0.0,835584,0.0,0.016077401325674145,0.016077401325674145,0.016077401325674145,1.1852335908280054e-06,0.0,0.9958553314208984,0.8775634765625,0.0005623413251903491,0.0005623413251903491,16384,0.0,0.006849769521068083,0.006849769521068083,0.006849769521068083,9.870740740325346e-07,0.0,0.9985618591308594,0.95556640625,{-13.0}/{9.0}+{-9.0}/{7.0}-{12.0}>{3.0}*{4.0}+{5.0}+{-5.0}-{4.0}-machine_current_breakdown_rate<{4.0}>job_remaining_number_of_operations*job_delivery_relaxation<{-15.0}-{13.0}EOS,{-13.0}/{9.0}+{-9.0}/{7.0}-{12.0}>{3.0}*{4.0}+{5.0}+{-5.0}-{4.0}-machine_current_breakdown_rate<{4.0}>job_remaining_number_of_operations*job_delivery_relaxation<{-15.0}-{13.0}EOS
52,1.0,0.0,851968,0.0,0.015772114322317066,0.015772114322317066,0.015772114322317066,1.0264094980616534e-06,0.0,0.9958000183105469,0.87548828125,0.0005623413251903491,0.0005623413251903491,16384,0.0,0.006751239616278326,0.006751239616278326,0.006751239616278326,8.515488747473654e-07,0.0,0.9984207153320312,0.95111083984375,{6.0}<{7.0}-{6.0}>{5.0}<{13.0}/job_earliness_penalty<{10.0}*{-7.0}>{-6.0}<{11.0}<pair_number_of_alternative_machines-{-13.0}*{0.0}>{-2.0}>{-13.0}>operation_cooldownEOS,{6.0}<{7.0}-{6.0}>{5.0}<{13.0}/job_earliness_penalty<{10.0}*{-7.0}>{-6.0}<{11.0}<pair_number_of_alternative_machines-{-13.0}*{0.0}>{-2.0}>{-13.0}>operation_cooldownEOS
53,1.0,0.0,868352,0.0,0.015317149518523365,0.015317149518523365,0.015317149518523365,8.83330545153882e-07,0.0,0.9958972930908203,0.87738037109375,0.0005623413251903491,0.0005623413251903491,16384,0.0,0.006292305426541134,0.006292305426541134,0.006292305426541134,7.043415559682131e-07,0.0,0.9986305236816406,0.95745849609375,{-9.0}/{-12.0}>warehouse_utilization_rate+{11.0}<job_relative_deadline-{5.0}/{1.0}-warehouse_utilization_rate/{7.0}-{-6.0}+{-1.0}-{-7.0}>job_earliness_penalty+{-4.0}>{-6.0}<{5.0}EOS,{-9.0}/{-12.0}>warehouse_utilization_rate+{11.0}<job_relative_deadline-{5.0}/{1.0}-warehouse_utilization_rate/{7.0}-{-6.0}+{-1.0}-{-7.0}>job_earliness_penalty+{-4.0}>{-6.0}<{5.0}EOS
54,1.0,0.0,884736,0.0,0.01430974146569497,0.01430974146569497,0.01430974146569497,7.382592059901327e-07,0.0,0.9961872100830078,0.885986328125,0.0005623413251903491,0.0005623413251903491,16384,0.0,0.005860030050826026,0.005860030050826026,0.005860030050826026,6.069658817775547e-07,0.0,0.9987106323242188,0.96002197265625,{4.0}<{-9.0}<machine_capacity+{-8.0}/job_earliness_penalty<{11.0}-{1.0}-machine_replacement_cooldown-{-5.0}<{8.0}-{11.0}<{9.0}<{8.0}/{0.0}*{-7.0}-{1.0}EOS,{4.0}<{-9.0}<machine_capacity+{-8.0}/job_earliness_penalty<{11.0}-{1.0}-machine_replacement_cooldown-{-5.0}<{8.0}-{11.0}<{9.0}<{8.0}/{0.0}*{-7.0}-{1.0}EOS
55,1.0,0.0,901120,0.0,0.013474577370288898,0.013474577370288898,0.013474577370288898,6.359423654345164e-07,0.0,0.9964733123779297,0.89404296875,0.0005623413251903491,0.0005623413251903491,16384,0.0,0.005079483353256364,0.005079483353256364,0.005079483353256364,5.188560167068701e-07,0.0,0.9988822937011719,0.965576171875,{-5.0}>{3.0}+{-6.0}-operation_cooldown-{-9.0}<{15.0}+job_time_alive*{-13.0}/{-4.0}<machine_cooldown+{-10.0}*{5.0}/{6.0}+{2.0}+{-4.0}<pair_number_of_alternative_operationsEOS,{-5.0}>{3.0}+{-6.0}-operation_cooldown-{-9.0}<{15.0}+job_time_alive*{-13.0}/{-4.0}<machine_cooldown+{-10.0}*{5.0}/{6.0}+{2.0}+{-4.0}<pair_number_of_alternative_operationsEOS
56,1.0,0.0,917504,0.0,0.012215504963023704,0.012215504963023704,0.012215504963023704,5.736878848638938e-07,0.0,0.9968357086181641,0.904296875,0.0005623413251903491,0.0005623413251903491,16384,0.0,0.004587815755257907,0.004587815755257907,0.004587815755257907,4.7222502252974863e-07,0.0,0.9990653991699219,0.9708251953125,{-10.0}/{-4.0}>job_remaining_number_of_operations*pair_expected_processing_time*{13.0}>job_remaining_number_of_operations/{0.0}/{0.0}+{9.0}/{9.0}>{-1.0}/job_relative_deadline+job_remaining_work_to_complete-{-14.0}-{-6.0}/{8.0}EOS,{-10.0}/{-4.0}>job_remaining_number_of_operations*pair_expected_processing_time*{13.0}>job_remaining_number_of_operations/{0.0}/{0.0}+{9.0}/{9.0}>{-1.0}/job_relative_deadline+job_remaining_work_to_complete-{-14.0}-{-6.0}/{8.0}EOS
57,1.0,0.0,933888,0.0,0.011336454288539244,0.011336454288539244,0.011336454288539244,4.998256085686492e-07,0.0,0.9972553253173828,0.91571044921875,0.0005623413251903491,0.0005623413251903491,16384,0.0,0.004255066545283626,0.004255066545283626,0.004255066545283626,4.0180182203641834e-07,0.0,0.9991474151611328,0.9735107421875,pair_expected_processing_time<{4.0}*pair_expected_processing_time<{1.0}*{7.0}>{-11.0}-{-11.0}/{9.0}/{-11.0}<{-15.0}-{3.0}*machine_capacity>{4.0}*{11.0}+{-5.0}/{-11.0}EOS,pair_expected_processing_time<{4.0}*pair_expected_processing_time<{1.0}*{7.0}>{-11.0}-{-11.0}/{9.0}/{-11.0}<{-15.0}-{3.0}*machine_capacity>{4.0}*{11.0}+{-5.0}/{-11.0}EOS
58,1.0,0.0,950272,0.0,0.011002536781234085,0.011002536781234085,0.011002536781234085,4.4286120737258017e-07,0.0,0.9972877502441406,0.91741943359375,0.0005623413251903491,0.0005623413251903491,16384,0.0,0.004506984386807744,0.004506984386807744,0.004506984386807744,3.832615437238118e-07,0.0,0.9990501403808594,0.97039794921875,{4.0}*{-10.0}*{9.0}*{2.0}+{-4.0}*{8.0}>{9.0}>{0.0}<{4.0}<{-11.0}*{13.0}<{11.0}-{4.0}>job_lateness_penalty-machine_capacity>{4.0}EOS,{4.0}*{-10.0}*{9.0}*{2.0}+{-4.0}*{8.0}>{9.0}>{0.0}<{4.0}<{-11.0}*{13.0}<{11.0}-{4.0}>job_lateness_penalty-machine_capacity>{4.0}EOS
59,1.0,0.0,966656,0.0,0.010961725809465861,0.010961725809465861,0.010961725809465861,4.0804194401111715e-07,0.0,0.9972095489501953,0.91534423828125,0.0005623413251903491,0.0005623413251903491,16384,0.0,0.0045898008729636786,0.0045898008729636786,0.0045898008729636786,3.516017077487277e-07,0.0,0.9990158081054688,0.96905517578125,{0.0}/{-12.0}>{0.0}*operation_work_required+{-8.0}<{9.0}/{-10.0}+job_delivery_relaxation>{7.0}>machine_capacity<job_time_alive>{10.0}>{3.0}+{6.0}/{-8.0}/{2.0}EOS,{0.0}/{-12.0}>{0.0}*operation_work_required+{-8.0}<{9.0}/{-10.0}+job_delivery_relaxation>{7.0}>machine_capacity<job_time_alive>{10.0}>{3.0}+{6.0}/{-8.0}/{2.0}EOS
60,1.0,0.0,983040,0.0,0.010815040604938986,0.010815040604938986,0.010815040604938986,3.654438632816337e-07,0.0,0.997222900390625,0.9144287109375,0.0005623413251903491,0.0005623413251903491,16384,0.0,0.004386411707855586,0.004386411707855586,0.004386411707855586,2.606941289506892e-07,0.0,0.9990348815917969,0.9696044921875,operation_cooldown>{-6.0}>{4.0}/{11.0}*{-10.0}*{-14.0}<{15.0}+job_remaining_number_of_operations/{8.0}-{13.0}>{-2.0}+job_remaining_work_to_complete*job_lateness_penalty<{2.0}-{-15.0}*machine_replacement_cooldownEOS,operation_cooldown>{-6.0}>{4.0}/{11.0}*{-10.0}*{-14.0}<{15.0}+job_remaining_number_of_operations/{8.0}-{13.0}>{-2.0}+job_remaining_work_to_complete*job_lateness_penalty<{2.0}-{-15.0}*machine_replacement_cooldownEOS
61,1.0,0.0,999424,0.0,0.01086134263096028,0.01086134263096028,0.01086134263096028,2.920159726249594e-07,0.0,0.9972133636474609,0.915283203125,0.0005623413251903491,0.0005623413251903491,16384,0.0,0.0046866523557582696,0.0046866523557582696,0.0046866523557582696,2.345927568314643e-07,0.0,0.9990386962890625,0.97015380859375,{2.0}<{4.0}<{0.0}-operation_cooldown/{12.0}/{0.0}+{5.0}>{-3.0}-{-8.0}>pair_expected_processing_time+{5.0}*pair_expected_processing_time/{0.0}+{2.0}>job_remaining_number_of_operations>{-10.0}EOS,{2.0}<{4.0}<{0.0}-operation_cooldown/{12.0}/{0.0}+{5.0}>{-3.0}-{-8.0}>pair_expected_processing_time+{5.0}*pair_expected_processing_time/{0.0}+{2.0}>job_remaining_number_of_operations>{-10.0}EOS
62,1.0,0.0,1015808,0.0,0.011485673026982113,0.011485673026982113,0.011485673026982113,2.5085246196931976e-07,0.0,0.9969940185546875,0.908935546875,0.0005623413251903491,0.0005623413251903491,16384,0.0,0.005126589624524058,0.005126589624524058,0.005126589624524058,2.1002629752020496e-07,0.0,0.9987735748291016,0.96160888671875,pair_number_of_alternative_operations-{-14.0}<operation_work_required<{3.0}*job_remaining_work_to_complete-{-10.0}*{1.0}/{3.0}*{-13.0}>machine_current_breakdown_rate>{10.0}+job_relative_deadline*{-11.0}<{-5.0}/{-4.0}/{13.0}EOS,pair_number_of_alternative_operations-{-14.0}<operation_work_required<{3.0}*job_remaining_work_to_complete-{-10.0}*{1.0}/{3.0}*{-13.0}>machine_current_breakdown_rate>{10.0}+job_relative_deadline*{-11.0}<{-5.0}/{-4.0}/{13.0}EOS
63,1.0,0.0,1032192,0.0,0.011024796522178804,0.011024796522178804,0.011024796522178804,2.1865089050443487e-07,0.0,0.9970340728759766,0.90960693359375,0.0005623413251903491,0.0005623413251903491,16384,0.0,0.004538546070307348,0.004538546070307348,0.004538546070307348,1.85370972793919e-07,0.0,0.9989891052246094,0.96832275390625,{2.0}-{10.0}*job_time_alive<{-10.0}<{-6.0}>{-12.0}/{2.0}<pair_number_of_alternative_operations<job_earliness_penalty/job_remaining_number_of_operations-{14.0}-{6.0}<pair_expected_processing_time-machine_capacity>{-10.0}/{0.0}EOS,{2.0}-{10.0}*job_time_alive<{-10.0}<{-6.0}>{-12.0}/{2.0}<pair_number_of_alternative_operations<job_earliness_penalty/job_remaining_number_of_operations-{14.0}-{6.0}<pair_expected_processing_time-machine_capacity>{-10.0}/{0.0}EOS
64,1.0,0.0,1048576,0.0,0.010580256715911673,0.010580256715911673,0.010580256715911673,1.8200976598103935e-07,0.0,0.9971752166748047,0.91326904296875,0.0005623413251903491,0.0005623413251903491,16384,0.0,0.004167104292719159,0.004167104292719159,0.004167104292719159,1.3347166546995304e-07,0.0,0.999053955078125,0.97021484375,{4.0}<{-2.0}-{7.0}<{-7.0}-{12.0}<{-11.0}-{-1.0}+{3.0}>{-11.0}+{0.0}>machine_current_breakdown_rate>{8.0}>{-10.0}-pair_expected_work_power<{9.0}+{-4.0}EOS,{4.0}<{-2.0}-{7.0}<{-7.0}-{12.0}<{-11.0}-{-1.0}+{3.0}>{-11.0}+{0.0}>machine_current_breakdown_rate>{8.0}>{-10.0}-pair_expected_work_power<{9.0}+{-4.0}EOS
65,1.0,0.0,1064960,0.0,0.01041206857735233,0.01041206857735233,0.01041206857735233,1.5372143588598952e-07,0.0,0.9972362518310547,0.91607666015625,0.0005623413251903491,0.0005623413251903491,16384,0.0,0.003954286466068879,0.003954286466068879,0.003954286466068879,1.2730768195190478e-07,0.0,0.9991989135742188,0.97467041015625,{-13.0}-{4.0}<{6.0}<{9.0}<{-13.0}/machine_cooldown>{14.0}+{0.0}*{-14.0}<pair_expected_processing_time>{-12.0}>{-11.0}/{-9.0}<{-4.0}>{0.0}-{13.0}EOS,{-13.0}-{4.0}<{6.0}<{9.0}<{-13.0}/machine_cooldown>{14.0}+{0.0}*{-14.0}<pair_expected_processing_time>{-12.0}>{-11.0}/{-9.0}<{-4.0}>{0.0}-{13.0}EOS
66,1.0,0.0,1081344,0.0,0.009719060461065965,0.009719060461065965,0.009719060461065965,1.2891252762492478e-07,0.0,0.997467041015625,0.92254638671875,0.0005623413251903491,0.0005623413251903491,16384,0.0,0.0035020133891521255,0.0035020133891521255,0.0035020133891521255,1.0276875908599159e-07,0.0,0.999267578125,0.9771728515625,{6.0}*machine_current_breakdown_rate<{7.0}<{0.0}-operation_windup>{-14.0}>{-2.0}*{-6.0}/pair_number_of_alternative_operations/operation_cooldown<machine_replacement_cooldown/{-8.0}-{5.0}*pair_number_of_alternative_operations>{5.0}<{-14.0}EOS,{6.0}*machine_current_breakdown_rate<{7.0}<{0.0}-operation_windup>{-14.0}>{-2.0}*{-6.0}/pair_number_of_alternative_operations/operation_cooldown<machine_replacement_cooldown/{-8.0}-{5.0}*pair_number_of_alternative_operations>{5.0}<{-14.0}EOS
67,1.0,0.0,1097728,0.0,0.009092588998100837,0.009092588998100837,0.009092588998100837,1.1491106899352843e-07,0.0,0.9976520538330078,0.92767333984375,0.0005623413251903491,0.0005623413251903491,16384,0.0,0.0034502929829614004,0.0034502929829614004,0.0034502929829614004,9.273245216157022e-08,0.0,0.9992523193359375,0.976318359375,{-4.0}-{4.0}*{9.0}<job_remaining_work_to_complete-{-5.0}-{6.0}+pair_number_of_alternative_operations+{12.0}<{11.0}>machine_replacement_cooldown+{-8.0}+{-8.0}+{-8.0}<job_delivery_relaxation-{6.0}>{7.0}EOS,{-4.0}-{4.0}*{9.0}<job_remaining_work_to_complete-{-5.0}-{6.0}+pair_number_of_alternative_operations+{12.0}<{11.0}>machine_replacement_cooldown+{-8.0}+{-8.0}+{-8.0}<job_delivery_relaxation-{6.0}>{7.0}EOS
68,1.0,0.0,1114112,0.0,0.008676788170305372,0.008676788170305372,0.008676788170305372,1.0317398814463363e-07,0.0,0.9978218078613281,0.9326171875,0.0005623413251903491,0.0005623413251903491,16384,0.0,0.003049878587717103,0.003049878587717103,0.003049878587717103,6.643790982641118e-08,0.0,0.9994468688964844,0.9822998046875,{0.0}>{11.0}-pair_expected_work_power*{-9.0}>{-10.0}/{2.0}>{15.0}+{-4.0}*pair_number_of_alternative_operations-{14.0}-{11.0}>{-3.0}+{-4.0}/{6.0}*{1.0}*machine_cooldownEOS,{0.0}>{11.0}-pair_expected_work_power*{-9.0}>{-10.0}/{2.0}>{15.0}+{-4.0}*pair_number_of_alternative_operations-{14.0}-{11.0}>{-3.0}+{-4.0}/{6.0}*{1.0}*machine_cooldownEOS
69,1.0,0.0,1130496,0.0,0.008434629264229443,0.008434629264229443,0.008434629264229443,7.463254490802651e-08,0.0,0.9978046417236328,0.932373046875,0.0005623413251903491,0.0005623413251903491,16384,0.0,0.0031620275990462687,0.0031620275990462687,0.0031620275990462687,5.7485216337083145e-08,0.0,0.9993362426757812,0.97894287109375,pair_number_of_alternative_operations*{-7.0}-job_lateness_penalty>{-3.0}*{6.0}<machine_current_breakdown_rate>{-8.0}*{12.0}<job_lateness_penalty/{-8.0}-job_time_alive/{0.0}/{15.0}/{-8.0}*{-6.0}+{7.0}EOS,pair_number_of_alternative_operations*{-7.0}-job_lateness_penalty>{-3.0}*{6.0}<machine_current_breakdown_rate>{-8.0}*{12.0}<job_lateness_penalty/{-8.0}-job_time_alive/{0.0}/{15.0}/{-8.0}*{-6.0}+{7.0}EOS
70,1.0,0.0,1146880,0.0,0.008631362484265992,0.008631362484265992,0.008631362484265992,6.71512682265396e-08,0.0,0.9978370666503906,0.9339599609375,0.0005623413251903491,0.0005623413251903491,16384,0.0,0.0035604109025371145,0.0035604109025371145,0.0035604109025371145,5.9274083849536474e-08,0.0,0.9992046356201172,0.97509765625,{-3.0}/{-5.0}/{7.0}-{1.0}+{-11.0}-job_remaining_work_to_complete+{5.0}/{12.0}<{-10.0}<{-9.0}*{15.0}*{-9.0}/{-10.0}*{10.0}>{-13.0}>{-8.0}EOS,{-3.0}/{-5.0}/{7.0}-{1.0}+{-11.0}-job_remaining_work_to_complete+{5.0}/{12.0}<{-10.0}<{-9.0}*{15.0}*{-9.0}/{-10.0}*{10.0}>{-13.0}>{-8.0}EOS
71,1.0,0.0,1163264,0.0,0.007998354722076328,0.007998354722076328,0.007998354722076328,6.427287845001128e-08,0.0,0.9979362487792969,0.93634033203125,0.0005623413251903491,0.0005623413251903491,16384,0.0,0.0029597615498460073,0.0029597615498460073,0.0029597615498460073,5.2285088092407506e-08,0.0,0.9993476867675781,0.979248046875,{2.0}/{8.0}>{-10.0}<{1.0}+machine_current_breakdown_rate-{-15.0}-{-5.0}<{7.0}>{-7.0}*machine_cooldown*{-2.0}-{-3.0}>{3.0}>{-8.0}*{2.0}/{15.0}EOS,{2.0}/{8.0}>{-10.0}<{1.0}+machine_current_breakdown_rate-{-15.0}-{-5.0}<{7.0}>{-7.0}*machine_cooldown*{-2.0}-{-3.0}>{3.0}>{-8.0}*{2.0}/{15.0}EOS
72,1.0,0.0,1179648,0.0,0.007402768006613769,0.007402768006613769,0.007402768006613769,5.629199553713882e-08,0.0,0.9981517791748047,0.94232177734375,0.0005623413251903491,0.0005623413251903491,16384,0.0,0.0026731330437996803,0.0026731330437996803,0.0026731330437996803,4.430244267272787e-08,0.0,0.9994373321533203,0.9822998046875,{1.0}-{4.0}>{2.0}-{-6.0}*{1.0}-job_time_alive+{-15.0}-{8.0}<{14.0}-{6.0}*{10.0}*{-4.0}>{-1.0}>machine_cooldown+{-13.0}*{5.0}EOS,{1.0}-{4.0}>{2.0}-{-6.0}*{1.0}-job_time_alive+{-15.0}-{8.0}<{14.0}-{6.0}*{10.0}*{-4.0}>{-1.0}>machine_cooldown+{-13.0}*{5.0}EOS
73,1.0,0.0,1196032,0.0,0.007159542241424788,0.007159542241424788,0.007159542241424788,4.840342693324118e-08,0.0,0.9981708526611328,0.9427490234375,0.0005623413251903491,0.0005623413251903491,16384,0.0,0.00257872043084717,0.00257872043084717,0.00257872043084717,3.966303307317842e-08,0.0,0.9994411468505859,0.98260498046875,machine_replacement_cooldown>job_relative_deadline-{-10.0}<{11.0}*{6.0}-{-7.0}+{12.0}>{15.0}/pair_expected_work_power*{-14.0}+{-9.0}+{-13.0}-{10.0}/{6.0}<{3.0}<{1.0}EOS,machine_replacement_cooldown>job_relative_deadline-{-10.0}<{11.0}*{6.0}-{-7.0}+{12.0}>{15.0}/pair_expected_work_power*{-14.0}+{-9.0}+{-13.0}-{10.0}/{6.0}<{3.0}<{1.0}EOS
74,1.0,0.0,1212416,0.0,0.007594065663397487,0.007594065663397487,0.007594065663397487,3.96155435435086e-08,0.0,0.9980449676513672,0.93963623046875,0.0005623413251903491,0.0005623413251903491,16384,0.0,0.0029806971947436978,0.0029806971947436978,0.0029806971947436978,1.510324182385503e-08,0.0,0.9993343353271484,0.979248046875,{9.0}<{2.0}>job_remaining_number_of_operations<{10.0}/{15.0}>{-10.0}/{11.0}+machine_current_breakdown_rate/{7.0}<{-4.0}*{-11.0}/{4.0}*{5.0}*{-12.0}>{-8.0}>{-11.0}EOS,{9.0}<{2.0}>job_remaining_number_of_operations<{10.0}/{15.0}>{-10.0}/{11.0}+machine_current_breakdown_rate/{7.0}<{-4.0}*{-11.0}/{4.0}*{5.0}*{-12.0}>{-8.0}>{-11.0}EOS
75,1.0,0.0,1228800,0.0,0.00772865787257615,0.00772865787257615,0.00772865787257615,1.7189969664724303e-08,0.0,0.9979343414306641,0.9366455078125,0.0005623413251903491,0.0005623413251903491,16384,0.0,0.0028100277434077725,0.0028100277434077725,0.0028100277434077725,1.2246764095023843e-08,0.0,0.9993076324462891,0.9781494140625,{8.0}>{-3.0}+{8.0}<{-13.0}*{13.0}-{6.0}+{1.0}>operation_windup/{12.0}/{-14.0}+machine_cooldown-{1.0}<pair_number_of_alternative_machines+{0.0}-pair_number_of_alternative_machines-{1.0}EOS,{8.0}>{-3.0}+{8.0}<{-13.0}*{13.0}-{6.0}+{1.0}>operation_windup/{12.0}/{-14.0}+machine_cooldown-{1.0}<pair_number_of_alternative_machines+{0.0}-pair_number_of_alternative_machines-{1.0}EOS
76,1.0,0.0,1245184,0.0,0.007525292156060459,0.007525292156060459,0.007525292156060459,1.499851694231058e-08,0.0,0.9980278015136719,0.93890380859375,0.0005623413251903491,0.0005623413251903491,16384,0.0,0.0026556113630249456,0.0026556113630249456,0.0026556113630249456,1.023788580366107e-08,0.0,0.9994220733642578,0.98175048828125,{9.0}<{11.0}-job_delivery_relaxation>{-8.0}/job_remaining_number_of_operations+{-11.0}-{5.0}-{12.0}-{-13.0}<{1.0}>{-6.0}+{10.0}*{-7.0}<{-5.0}*{0.0}>{6.0}EOS,{9.0}<{11.0}-job_delivery_relaxation>{-8.0}/job_remaining_number_of_operations+{-11.0}-{5.0}-{12.0}-{-13.0}<{1.0}>{-6.0}+{10.0}*{-7.0}<{-5.0}*{0.0}>{6.0}EOS
77,1.0,0.0,1261568,0.0,0.0073631695931908325,0.0073631695931908325,0.0073631695931908325,1.3488883406943819e-08,0.0,0.9979801177978516,0.937255859375,0.0005623413251903491,0.0005623413251903491,16384,0.0,0.0028996337246098847,0.0028996337246098847,0.0028996337246098847,1.0190591627490253e-08,0.0,0.9993400573730469,0.97918701171875,{-7.0}>{-5.0}/{4.0}*{-5.0}+{0.0}*{10.0}-{0.0}>{-13.0}>{-5.0}-{8.0}-{-14.0}/{15.0}+job_relative_deadline/{-5.0}>{12.0}*{2.0}EOS,{-7.0}>{-5.0}/{4.0}*{-5.0}+{0.0}*{10.0}-{0.0}>{-13.0}>{-5.0}-{8.0}-{-14.0}/{15.0}+job_relative_deadline/{-5.0}>{12.0}*{2.0}EOS
78,1.0,0.0,1277952,0.0,0.00762958670657099,0.00762958670657099,0.00762958670657099,1.2281506422528315e-08,0.0,0.9979400634765625,0.93634033203125,0.0005623413251903491,0.0005623413251903491,16384,0.0,0.0032830243599164532,0.0032830243599164532,0.0032830243599164532,9.000390477180431e-09,0.0,0.9991855621337891,0.9742431640625,{0.0}+operation_windup<{2.0}+{13.0}*{-13.0}*{3.0}>{9.0}-operation_work_required>machine_capacity-{0.0}-{1.0}*{-1.0}/pair_expected_work_power<machine_current_breakdown_rate+job_lateness_penalty>{1.0}EOS,{0.0}+operation_windup<{2.0}+{13.0}*{-13.0}*{3.0}>{9.0}-operation_work_required>machine_capacity-{0.0}-{1.0}*{-1.0}/pair_expected_work_power<machine_current_breakdown_rate+job_lateness_penalty>{1.0}EOS
79,1.0,0.0,1294336,0.0,0.007544652037722699,0.007544652037722699,0.007544652037722699,1.0287220351392831e-08,0.0,0.9979419708251953,0.93634033203125,0.0005623413251903491,0.0005623413251903491,16384,0.0,0.0028719552346956334,0.0028719552346956334,0.0028719552346956334,6.833846284649489e-09,0.0,0.9992866516113281,0.97747802734375,{4.0}>{14.0}-{14.0}/{-14.0}/{-3.0}/{1.0}/machine_capacity+{0.0}-{11.0}+{6.0}/{-1.0}-{-4.0}-{-14.0}<{-5.0}-{-6.0}*{9.0}EOS,{4.0}>{14.0}-{14.0}/{-14.0}/{-3.0}/{1.0}/machine_capacity+{0.0}-{11.0}+{6.0}/{-1.0}-{-4.0}-{-14.0}<{-5.0}-{-6.0}*{9.0}EOS
80,1.0,0.0,1310720,0.0,0.006702293121634284,0.006702293121634284,0.006702293121634284,7.76573544402151e-09,0.0,0.9982414245605469,0.94500732421875,0.00031622776601683794,0.00031622776601683794,16384,0.0,0.0009229374674077917,0.0009229374674077917,0.0009229374674077917,1.9473457815488747e-09,0.0,0.9998626708984375,0.99560546875,{-4.0}<operation_work_required*{4.0}/{-11.0}/job_remaining_number_of_operations/{-4.0}-{-7.0}>operation_windup*{-2.0}>{-6.0}*{3.0}*{-3.0}>{-1.0}/{-13.0}<{9.0}-job_time_aliveEOS,{-4.0}<operation_work_required*{4.0}/{-11.0}/job_remaining_number_of_operations/{-4.0}-{-7.0}>operation_windup*{-2.0}>{-6.0}*{3.0}*{-3.0}>{-1.0}/{-13.0}<{9.0}-job_time_aliveEOS
81,1.0,0.0,1327104,0.0,0.003662068114408612,0.003662068114408612,0.003662068114408612,4.117401330162016e-09,0.0,0.999237060546875,0.97607421875,0.00031622776601683794,0.00031622776601683794,16384,0.0,0.0005841074316208505,0.0005841074316208505,0.0005841074316208505,1.1577895972405671e-09,0.0,0.9999160766601562,0.997314453125,{12.0}/{-9.0}/{10.0}/job_earliness_penalty>{-6.0}>{-2.0}>{-4.0}<{-5.0}+{-13.0}-{12.0}<{-4.0}+{5.0}+{13.0}+{0.0}>operation_windup>{-12.0}EOS,{12.0}/{-9.0}/{10.0}/job_earliness_penalty>{-6.0}>{-2.0}>{-4.0}<{-5.0}+{-13.0}-{12.0}<{-4.0}+{5.0}+{13.0}+{0.0}>operation_windup>{-12.0}EOS
82,1.0,0.0,1343488,0.0,0.002657242485383904,0.002657242485383904,0.002657242485383904,2.6747135525298157e-09,0.0,0.9995193481445312,0.98486328125,0.00031622776601683794,0.00031622776601683794,16384,0.0,0.0004067026673055807,0.0004067026673055807,0.0004067026673055807,7.647737230960039e-10,0.0,0.9999618530273438,0.998779296875,{-2.0}<{10.0}+{11.0}*{-12.0}>{-6.0}/job_remaining_number_of_operations+{14.0}+{14.0}/{13.0}<{11.0}*{14.0}+{-3.0}+job_relative_deadline-{10.0}+operation_windup*{0.0}EOS,{-2.0}<{10.0}+{11.0}*{-12.0}>{-6.0}/job_remaining_number_of_operations+{14.0}+{14.0}/{13.0}<{11.0}*{14.0}+{-3.0}+job_relative_deadline-{10.0}+operation_windup*{0.0}EOS
83,1.0,0.0,1359872,0.0,0.002194940076151397,0.002194940076151397,0.002194940076151397,2.686422958178146e-09,0.0,0.9996299743652344,0.9881591796875,0.00031622776601683794,0.00031622776601683794,16384,0.0,0.00034599923287714773,0.00034599923287714773,0.00034599923287714773,6.18458571030947e-10,0.0,0.9999618530273438,0.998779296875,{15.0}*{8.0}/{-3.0}*{-4.0}/{-4.0}>{6.0}+{7.0}-{5.0}-{15.0}<{-4.0}*{12.0}*{-11.0}<{13.0}>{4.0}+pair_number_of_alternative_machines>{7.0}EOS,{15.0}*{8.0}/{-3.0}*{-4.0}/{-4.0}>{6.0}+{7.0}-{5.0}-{15.0}<{-4.0}*{12.0}*{-11.0}<{13.0}>{4.0}+pair_number_of_alternative_machines>{7.0}EOS
84,1.0,0.0,1376256,0.0,0.0020373739228034538,0.0020373739228034538,0.0020373739228034538,2.4464300235545492e-09,0.0,0.9996147155761719,0.98779296875,0.00031622776601683794,0.00031622776601683794,16384,0.0,0.00031883665320719956,0.00031883665320719956,0.00031883665320719956,4.4770088728125507e-10,0.0,0.9999656677246094,0.9989013671875,{7.0}-{2.0}-{-12.0}-job_remaining_work_to_complete<{3.0}<operation_windup>{6.0}<{-10.0}/{7.0}<{7.0}*{-4.0}/{-13.0}+{-5.0}+machine_cooldown>{8.0}*{2.0}EOS,{7.0}-{2.0}-{-12.0}-job_remaining_work_to_complete<{3.0}<operation_windup>{6.0}<{-10.0}/{7.0}<{7.0}*{-4.0}/{-13.0}+{-5.0}+machine_cooldown>{8.0}*{2.0}EOS
85,1.0,0.0,1392640,0.0,0.0017920108189173334,0.0017920108189173334,0.0017920108189173334,1.8801553441173463e-09,0.0,0.9997329711914062,0.99151611328125,0.00031622776601683794,0.00031622776601683794,16384,0.0,0.000259953529592849,0.000259953529592849,0.000259953529592849,3.0059008373475773e-10,0.0,0.9999790191650391,0.99932861328125,{3.0}>{3.0}*pair_expected_work_power+warehouse_utilization_rate/{1.0}-job_remaining_number_of_operations<job_lateness_penalty<{7.0}+{-6.0}/{-6.0}/{0.0}*{15.0}>{2.0}-machine_current_breakdown_rate/{2.0}-{2.0}EOS,{3.0}>{3.0}*pair_expected_work_power+warehouse_utilization_rate/{1.0}-job_remaining_number_of_operations<job_lateness_penalty<{7.0}+{-6.0}/{-6.0}/{0.0}*{15.0}>{2.0}-machine_current_breakdown_rate/{2.0}-{2.0}EOS
86,1.0,0.0,1409024,0.0,0.0016124137014230655,0.0016124137014230655,0.0016124137014230655,1.8044400182354965e-09,0.0,0.9997749328613281,0.9927978515625,0.00031622776601683794,0.00031622776601683794,16384,0.0,0.00022838612599684893,0.00022838612599684893,0.00022838612599684893,3.158241273891341e-10,0.0,0.9999847412109375,0.99951171875,{-6.0}+{-13.0}*pair_expected_work_power>{7.0}/{14.0}+job_remaining_number_of_operations*{-2.0}-{-3.0}+{12.0}>{-14.0}>{-10.0}/{7.0}-{-11.0}>{-9.0}+{10.0}/pair_number_of_alternative_machinesEOS,{-6.0}+{-13.0}*pair_expected_work_power>{7.0}/{14.0}+job_remaining_number_of_operations*{-2.0}-{-3.0}+{12.0}>{-14.0}>{-10.0}/{7.0}-{-11.0}>{-9.0}+{10.0}/pair_number_of_alternative_machinesEOS
87,1.0,0.0,1425408,0.0,0.0015786642006787588,0.0015786642006787588,0.0015786642006787588,1.6242464772524366e-09,0.0,0.9997844696044922,0.9931640625,0.00031622776601683794,0.00031622776601683794,16384,0.0,0.00022561339483218035,0.00022561339483218035,0.00022561339483218035,4.5363166632892034e-11,0.0,0.9999866485595703,0.99957275390625,{-6.0}+{1.0}-machine_current_breakdown_rate+operation_cooldown*{-5.0}-{13.0}-{-14.0}*job_relative_deadline+{-2.0}-{5.0}/{-9.0}<job_remaining_work_to_complete>{-5.0}>job_earliness_penalty*{12.0}*{-10.0}EOS,{-6.0}+{1.0}-machine_current_breakdown_rate+operation_cooldown*{-5.0}-{13.0}-{-14.0}*job_relative_deadline+{-2.0}-{5.0}/{-9.0}<job_remaining_work_to_complete>{-5.0}>job_earliness_penalty*{12.0}*{-10.0}EOS
88,1.0,0.0,1441792,0.0,0.0015545779725698594,0.0015545779725698594,0.0015545779725698594,1.7787475078739814e-09,0.0,0.9997711181640625,0.99273681640625,0.00031622776601683794,0.00031622776601683794,16384,0.0,0.00037369263426967336,0.00037369263426967336,0.00037369263426967336,1.4779431001379689e-09,0.0,0.9999332427978516,0.99786376953125,job_time_alive*job_remaining_work_to_complete<{-1.0}>{6.0}<machine_capacity-{-15.0}+machine_replacement_cooldown+{14.0}+{8.0}>{13.0}>pair_expected_processing_time/{14.0}*{9.0}*pair_expected_processing_time/{1.0}>job_remaining_work_to_completeEOS,job_time_alive*job_remaining_work_to_complete<{-1.0}>{6.0}<machine_capacity-{-15.0}+machine_replacement_cooldown+{14.0}+{8.0}>{13.0}>pair_expected_processing_time/{14.0}*{9.0}*pair_expected_processing_time/{1.0}>job_remaining_work_to_completeEOS
89,1.0,0.0,1458176,0.0,0.001678472117646379,0.001678472117646379,0.001678472117646379,2.3148964730236414e-09,0.0,0.999755859375,0.9921875,0.00031622776601683794,0.00031622776601683794,16384,0.0,0.00039076163989193446,0.00039076163989193446,0.00039076163989193446,7.082731258992647e-10,0.0,0.9999408721923828,0.99810791015625,{-6.0}+{-10.0}*{-2.0}-{7.0}+{4.0}/job_delivery_relaxation<job_delivery_relaxation/operation_work_required-{-12.0}*{12.0}/{-6.0}<{-15.0}-operation_windup+{-8.0}/{-6.0}+pair_number_of_alternative_operationsEOS,{-6.0}+{-10.0}*{-2.0}-{7.0}+{4.0}/job_delivery_relaxation<job_delivery_relaxation/operation_work_required-{-12.0}*{12.0}/{-6.0}<{-15.0}-operation_windup+{-8.0}/{-6.0}+pair_number_of_alternative_operationsEOS
90,1.0,0.0,1474560,0.0,0.0018595447920688457,0.0018595447920688457,0.0018595447920688457,2.5246475483917032e-09,0.0,0.9996929168701172,0.99017333984375,0.00031622776601683794,0.00031622776601683794,16384,0.0,0.0003673200229457052,0.0003673200229457052,0.0003673200229457052,8.412860920869927e-10,0.0,0.9999618530273438,0.998779296875,{1.0}+{10.0}>{8.0}/{15.0}+job_lateness_penalty>operation_windup<job_earliness_penalty>{-12.0}-{-14.0}-{-14.0}>machine_replacement_cooldown-{-7.0}+{-13.0}*{-5.0}-{-14.0}<job_relative_deadlineEOS,{1.0}+{10.0}>{8.0}/{15.0}+job_lateness_penalty>operation_windup<job_earliness_penalty>{-12.0}-{-14.0}-{-14.0}>machine_replacement_cooldown-{-7.0}+{-13.0}*{-5.0}-{-14.0}<job_relative_deadlineEOS
91,1.0,0.0,1490944,0.0,0.0017059757403785625,0.0017059757403785625,0.0017059757403785625,2.3281969168049196e-09,0.0,0.9997367858886719,0.9915771484375,0.00031622776601683794,0.00031622776601683794,16384,0.0,0.000387848689342718,0.000387848689342718,0.000387848689342718,1.4415723542454077e-10,0.0,0.9999351501464844,0.9979248046875,{4.0}>job_lateness_penalty-{0.0}/{-8.0}*{11.0}<job_delivery_relaxation+{-13.0}+machine_capacity*{4.0}+job_relative_deadline/{5.0}+{-1.0}/{-7.0}>{9.0}+operation_cooldown/job_time_aliveEOS,{4.0}>job_lateness_penalty-{0.0}/{-8.0}*{11.0}<job_delivery_relaxation+{-13.0}+machine_capacity*{4.0}+job_relative_deadline/{5.0}+{-1.0}/{-7.0}>{9.0}+operation_cooldown/job_time_aliveEOS
92,1.0,0.0,1507328,0.0,0.0016854704761044559,0.0016854704761044559,0.0016854704761044559,2.065124940573825e-09,0.0,0.9997367858886719,0.9915771484375,0.00031622776601683794,0.00031622776601683794,16384,0.0,0.00046224443414644156,0.00046224443414644156,0.00046224443414644156,5.252376238882575e-10,0.0,0.9999198913574219,0.9974365234375,pair_number_of_alternative_machines-{-2.0}>job_earliness_penalty>{-12.0}+{-1.0}/{-12.0}/{14.0}*{4.0}>{-12.0}>{8.0}*{-5.0}*{12.0}<{13.0}-{-15.0}-job_remaining_work_to_complete/warehouse_utilization_rateEOS,pair_number_of_alternative_machines-{-2.0}>job_earliness_penalty>{-12.0}+{-1.0}/{-12.0}/{14.0}*{4.0}>{-12.0}>{8.0}*{-5.0}*{12.0}<{13.0}-{-15.0}-job_remaining_work_to_complete/warehouse_utilization_rateEOS
93,1.0,0.0,1523712,0.0,0.0018027819567123515,0.0018027819567123515,0.0018027819567123515,2.5219237329015967e-09,0.0,0.9996700286865234,0.98956298828125,0.00031622776601683794,0.00031622776601683794,16384,0.0,0.0005948043048817908,0.0005948043048817908,0.0005948043048817908,1.9732820032792925e-09,0.0,0.9998836517333984,0.99627685546875,{0.0}+machine_replacement_cooldown-job_remaining_number_of_operations<{11.0}/{-14.0}*{-3.0}+machine_cooldown>operation_cooldown>{4.0}>job_delivery_relaxation/job_time_alive/{-13.0}<{15.0}/{3.0}-{-13.0}/{-2.0}EOS,{0.0}+machine_replacement_cooldown-job_remaining_number_of_operations<{11.0}/{-14.0}*{-3.0}+machine_cooldown>operation_cooldown>{4.0}>job_delivery_relaxation/job_time_alive/{-13.0}<{15.0}/{3.0}-{-13.0}/{-2.0}EOS
94,1.0,0.0,1540096,0.0,0.0017657777689237264,0.0017657777689237264,0.0017657777689237264,3.0715973486347475e-09,0.0,0.9996700286865234,0.989501953125,0.00031622776601683794,0.00031622776601683794,16384,0.0,0.0003216744577514419,0.0003216744577514419,0.0003216744577514419,6.475627549240364e-10,0.0,0.9999504089355469,0.9984130859375,{-5.0}>{4.0}-{-3.0}>pair_number_of_alternative_operations>{-7.0}/{5.0}*job_earliness_penalty>{-9.0}<{-6.0}>{12.0}-{14.0}+{8.0}<{-2.0}>machine_capacity/job_earliness_penalty<{9.0}EOS,{-5.0}>{4.0}-{-3.0}>pair_number_of_alternative_operations>{-7.0}/{5.0}*job_earliness_penalty>{-9.0}<{-6.0}>{12.0}-{14.0}+{8.0}<{-2.0}>machine_capacity/job_earliness_penalty<{9.0}EOS
95,1.0,0.0,1556480,0.0,0.0017523990568406589,0.0017523990568406589,0.0017523990568406589,2.714277625115403e-09,0.0,0.9996833801269531,0.98992919921875,0.00031622776601683794,0.00031622776601683794,16384,0.0,0.00040902923430508054,0.00040902923430508054,0.00040902923430508054,9.492891977726974e-10,0.0,0.9999332427978516,0.99786376953125,{4.0}-job_lateness_penalty/{3.0}>operation_cooldown+{6.0}<{14.0}-warehouse_utilization_rate>{4.0}>machine_cooldown-{7.0}+operation_work_required/{-7.0}<job_earliness_penalty<{3.0}>{-2.0}/machine_current_breakdown_rateEOS,{4.0}-job_lateness_penalty/{3.0}>operation_cooldown+{6.0}<{14.0}-warehouse_utilization_rate>{4.0}>machine_cooldown-{7.0}+operation_work_required/{-7.0}<job_earliness_penalty<{3.0}>{-2.0}/machine_current_breakdown_rateEOS
96,1.0,0.0,1572864,0.0,0.0020747776736698142,0.0020747776736698142,0.0020747776736698142,3.6903972070617165e-09,0.0,0.9995822906494141,0.98675537109375,0.00031622776601683794,0.00031622776601683794,16384,0.0,0.0008802332761490561,0.0008802332761490561,0.0008802332761490561,3.406419662931536e-09,0.0,0.9997959136962891,0.99346923828125,{-8.0}*{-7.0}*{-13.0}/{5.0}<{5.0}/{4.0}/{-8.0}<{4.0}-{-8.0}/{9.0}+{10.0}>{7.0}-{-11.0}/pair_number_of_alternative_operations-{-2.0}*{-7.0}EOS,{-8.0}*{-7.0}*{-13.0}/{5.0}<{5.0}/{4.0}/{-8.0}<{4.0}-{-8.0}/{9.0}+{10.0}>{7.0}-{-11.0}/pair_number_of_alternative_operations-{-2.0}*{-7.0}EOS
97,1.0,0.0,1589248,0.0,0.0021335444052965613,0.0021335444052965613,0.0021335444052965613,4.58261774054637e-09,0.0,0.9995765686035156,0.986572265625,0.00031622776601683794,0.00031622776601683794,16384,0.0,0.0006501420974700522,0.0006501420974700522,0.0006501420974700522,2.1798396198442933e-09,0.0,0.9998512268066406,0.995361328125,{-2.0}>{9.0}*{-4.0}-pair_expected_processing_time/{12.0}-{-4.0}+{-10.0}/{7.0}*{12.0}*machine_cooldown/{14.0}>{5.0}<{4.0}-{7.0}/{-11.0}/{8.0}EOS,{-2.0}>{9.0}*{-4.0}-pair_expected_processing_time/{12.0}-{-4.0}+{-10.0}/{7.0}*{12.0}*machine_cooldown/{14.0}>{5.0}<{4.0}-{7.0}/{-11.0}/{8.0}EOS
98,1.0,0.0,1605632,0.0,0.0021793839446218044,0.0021793839446218044,0.0021793839446218044,4.4606291378011765e-09,0.0,0.9995574951171875,0.9859619140625,0.00031622776601683794,0.00031622776601683794,16384,0.0,0.0005265776136695877,0.0005265776136695877,0.0005265776136695877,1.911309411683614e-09,0.0,0.9999046325683594,0.9969482421875,{4.0}>{0.0}+{11.0}*{-4.0}/{14.0}>{11.0}/{0.0}>warehouse_utilization_rate/{3.0}+machine_replacement_cooldown-{10.0}/{-2.0}>pair_number_of_alternative_machines*machine_replacement_cooldown-{13.0}+{-5.0}EOS,{4.0}>{0.0}+{11.0}*{-4.0}/{14.0}>{11.0}/{0.0}>warehouse_utilization_rate/{3.0}+machine_replacement_cooldown-{10.0}/{-2.0}>pair_number_of_alternative_machines*machine_replacement_cooldown-{13.0}+{-5.0}EOS
99,1.0,0.0,1622016,0.0,0.0020325974489878718,0.0020325974489878718,0.0020325974489878718,3.873090685516979e-09,0.0,0.999603271484375,0.9874267578125,0.00017782794100389227,0.00017782794100389227,16384,0.0,0.0002130788188594579,0.0002130788188594579,0.0002130788188594579,4.317848085371237e-10,0.0,0.9999809265136719,0.9993896484375,{-2.0}-{-1.0}>{8.0}<{-14.0}-{9.0}-{6.0}+job_time_alive>{8.0}<job_relative_deadline+{-13.0}*pair_number_of_alternative_operations+{5.0}<pair_expected_processing_time-{13.0}-{10.0}/{13.0}EOS,{-2.0}-{-1.0}>{8.0}<{-14.0}-{9.0}-{6.0}+job_time_alive>{8.0}<job_relative_deadline+{-13.0}*pair_number_of_alternative_operations+{5.0}<pair_expected_processing_time-{13.0}-{10.0}/{13.0}EOS
100,1.0,0.0,1638400,0.0,0.0013649388055227973,0.0013649388055227973,0.0013649388055227973,2.5685319183387954e-09,0.0,0.9997520446777344,0.9921875,0.00017782794100389227,0.00017782794100389227,16384,0.0,0.000166202024672657,0.000166202024672657,0.000166202024672657,-1.5677196734255154e-10,0.0,0.9999866485595703,0.99957275390625,{12.0}-{2.0}+{11.0}>{13.0}<machine_replacement_cooldown/{1.0}/{5.0}-{13.0}<{8.0}*{13.0}/{15.0}<{12.0}>{-13.0}>{11.0}-{2.0}>{-12.0}EOS,{12.0}-{2.0}+{11.0}>{13.0}<machine_replacement_cooldown/{1.0}/{5.0}-{13.0}<{8.0}*{13.0}/{15.0}<{12.0}>{-13.0}>{11.0}-{2.0}>{-12.0}EOS
101,1.0,0.0,1654784,0.0,0.0011697083332364855,0.0011697083332364855,0.0011697083332364855,1.8344543558490968e-09,0.0,0.99981689453125,0.99420166015625,0.00017782794100389227,0.00017782794100389227,16384,0.0,0.00013604637015873777,0.00013604637015873777,0.00013604637015873777,-2.564753866506368e-10,0.0,0.9999866485595703,0.99957275390625,machine_capacity/{9.0}*{4.0}+{2.0}/job_earliness_penalty+{-15.0}*{-5.0}/{-15.0}+{0.0}-job_remaining_number_of_operations/{-12.0}*warehouse_utilization_rate/pair_number_of_alternative_operations*{7.0}<{6.0}-{12.0}EOS,machine_capacity/{9.0}*{4.0}+{2.0}/job_earliness_penalty+{-15.0}*{-5.0}/{-15.0}+{0.0}-job_remaining_number_of_operations/{-12.0}*warehouse_utilization_rate/pair_number_of_alternative_operations*{7.0}<{6.0}-{12.0}EOS
102,1.0,0.0,1671168,0.0,0.0009539125769606471,0.0009539125769606471,0.0009539125769606471,1.5908226927874736e-09,0.0,0.9998950958251953,0.99664306640625,0.00017782794100389227,0.00017782794100389227,16384,0.0,0.00011171820518995901,0.00011171820518995901,0.00011171820518995901,-2.7477897894859736e-10,0.0,0.9999866485595703,0.99957275390625,pair_expected_processing_time<{8.0}<{12.0}<{11.0}-{4.0}-{-10.0}>{-7.0}*{2.0}/{11.0}-{-5.0}/operation_cooldown-{3.0}<machine_current_breakdown_rate+{-1.0}<{-13.0}<{-7.0}EOS,pair_expected_processing_time<{8.0}<{12.0}<{11.0}-{4.0}-{-10.0}>{-7.0}*{2.0}/{11.0}-{-5.0}/operation_cooldown-{3.0}<machine_current_breakdown_rate+{-1.0}<{-13.0}<{-7.0}EOS
103,1.0,0.0,1687552,0.0,0.0009317586107044917,0.0009317586107044917,0.0009317586107044917,1.4173364774308552e-09,0.0,0.9998607635498047,0.99560546875,0.00017782794100389227,0.00017782794100389227,16384,0.0,9.845259206997525e-05,9.845259206997525e-05,9.845259206997525e-05,-6.559710805141908e-10,0.0,0.9999923706054688,0.999755859375,{-14.0}+{13.0}*{13.0}/{-3.0}<{-3.0}<{-8.0}/job_remaining_number_of_operations+job_remaining_work_to_complete*{-1.0}+{-7.0}<{5.0}/{10.0}+{-3.0}<job_relative_deadline-{3.0}+{-10.0}EOS,{-14.0}+{13.0}*{13.0}/{-3.0}<{-3.0}<{-8.0}/job_remaining_number_of_operations+job_remaining_work_to_complete*{-1.0}+{-7.0}<{5.0}/{10.0}+{-3.0}<job_relative_deadline-{3.0}+{-10.0}EOS
104,1.0,0.0,1703936,0.0,0.0008328096712375554,0.0008328096712375554,0.0008328096712375554,1.363225893727762e-09,0.0,0.9998950958251953,0.99664306640625,0.00017782794100389227,0.00017782794100389227,16384,0.0,8.776375037200523e-05,8.776375037200523e-05,8.776375037200523e-05,-8.017176731246311e-10,0.0,0.9999961853027344,0.9998779296875,{-11.0}>{13.0}<{4.0}-{4.0}*{9.0}*{-13.0}/{13.0}-{-5.0}+machine_capacity+{14.0}>{-5.0}>{-7.0}>{15.0}+{5.0}*{5.0}/{-3.0}EOS,{-11.0}>{13.0}<{4.0}-{4.0}*{9.0}*{-13.0}/{13.0}-{-5.0}+machine_capacity+{14.0}>{-5.0}>{-7.0}>{15.0}+{5.0}*{5.0}/{-3.0}EOS
105,1.0,0.0,1720320,0.0,0.0007901315755134419,0.0007901315755134419,0.0007901315755134419,1.2167926905317684e-09,0.0,0.9998970031738281,0.9967041015625,0.00017782794100389227,0.00017782794100389227,16384,0.0,0.00010450569895681383,0.00010450569895681383,0.00010450569895681383,-7.159977797964847e-10,0.0,0.9999904632568359,0.99969482421875,{-12.0}/{4.0}+{11.0}/job_time_alive<{-3.0}+{4.0}-job_relative_deadline/{-10.0}/{-13.0}>{-10.0}-{-6.0}-pair_number_of_alternative_operations*{6.0}>{-8.0}+{12.0}/{2.0}EOS,{-12.0}/{4.0}+{11.0}/job_time_alive<{-3.0}+{4.0}-job_relative_deadline/{-10.0}/{-13.0}>{-10.0}-{-6.0}-pair_number_of_alternative_operations*{6.0}>{-8.0}+{12.0}/{2.0}EOS
106,1.0,0.0,1736704,0.0,0.0007667341287742602,0.0007667341287742602,0.0007667341287742602,1.0613826987172347e-09,0.0,0.9998874664306641,0.99639892578125,0.00017782794100389227,0.00017782794100389227,16384,0.0,8.250362071748896e-05,8.250362071748896e-05,8.250362071748896e-05,-6.691587628649591e-10,0.0,0.9999961853027344,0.9998779296875,job_relative_deadline+{-12.0}+operation_work_required+{12.0}>{-14.0}+{-11.0}-{-7.0}>{12.0}+machine_current_breakdown_rate+{15.0}/{4.0}-{8.0}/{0.0}<{5.0}*operation_cooldown+{13.0}EOS,job_relative_deadline+{-12.0}+operation_work_required+{12.0}>{-14.0}+{-11.0}-{-7.0}>{12.0}+machine_current_breakdown_rate+{15.0}/{4.0}-{8.0}/{0.0}<{5.0}*operation_cooldown+{13.0}EOS
107,1.0,0.0,1753088,0.0,0.0007921611960455266,0.0007921611960455266,0.0007921611960455266,1.7337315352485743e-09,0.0,0.9998931884765625,0.99658203125,0.00017782794100389227,0.00017782794100389227,16384,0.0,0.00023860926935981297,0.00023860926935981297,0.00023860926935981297,6.625912733521262e-10,0.0,0.9999504089355469,0.9984130859375,{-7.0}>{-1.0}*{-8.0}+{8.0}*{2.0}<{10.0}>{12.0}<{13.0}-{-12.0}>pair_expected_processing_time/pair_number_of_alternative_machines-job_relative_deadline-{9.0}<{14.0}+{0.0}>{-6.0}EOS,{-7.0}>{-1.0}*{-8.0}+{8.0}*{2.0}<{10.0}>{12.0}<{13.0}-{-12.0}>pair_expected_processing_time/pair_number_of_alternative_machines-job_relative_deadline-{9.0}<{14.0}+{0.0}>{-6.0}EOS
108,1.0,0.0,1769472,0.0,0.0007768454690335602,0.0007768454690335602,0.0007768454690335602,1.6093600831195353e-09,0.0,0.9998950958251953,0.99664306640625,0.00017782794100389227,0.00017782794100389227,16384,0.0,0.00016405990993462183,0.00016405990993462183,0.00016405990993462183,-6.760929328457907e-10,0.0,0.999969482421875,0.9990234375,{-13.0}<job_relative_deadline+{-7.0}+operation_windup/{4.0}-pair_number_of_alternative_operations+pair_expected_work_power+{-10.0}*{-8.0}+{-14.0}<job_earliness_penalty-job_earliness_penalty+pair_expected_work_power>{10.0}+{-3.0}>job_time_aliveEOS,{-13.0}<job_relative_deadline+{-7.0}+operation_windup/{4.0}-pair_number_of_alternative_operations+pair_expected_work_power+{-10.0}*{-8.0}+{-14.0}<job_earliness_penalty-job_earliness_penalty+pair_expected_work_power>{10.0}+{-3.0}>job_time_aliveEOS
109,1.0,0.0,1785856,0.0,0.0007241557061092863,0.0007241557061092863,0.0007241557061092863,1.198716461826171e-09,0.0,0.9998989105224609,0.99676513671875,0.00017782794100389227,0.00017782794100389227,16384,0.0,7.746256637375382e-05,7.746256637375382e-05,7.746256637375382e-05,-7.441907491992101e-10,0.0,0.9999980926513672,0.99993896484375,pair_number_of_alternative_operations/{-13.0}+{-15.0}>job_lateness_penalty*{12.0}*{-12.0}<job_remaining_number_of_operations/{12.0}*{-10.0}>{-14.0}>{-12.0}<{15.0}<{-13.0}>{0.0}<job_relative_deadline>{12.0}EOS,pair_number_of_alternative_operations/{-13.0}+{-15.0}>job_lateness_penalty*{12.0}*{-12.0}<job_remaining_number_of_operations/{12.0}*{-10.0}>{-14.0}>{-12.0}<{15.0}<{-13.0}>{0.0}<job_relative_deadline>{12.0}EOS
110,1.0,0.0,1802240,0.0,0.0007494640494769556,0.0007494640494769556,0.0007494640494769556,1.6252747931803967e-09,0.0,0.9999027252197266,0.99688720703125,0.00017782794100389227,0.00017782794100389227,16384,0.0,0.00023908494058133556,0.00023908494058133556,0.00023908494058133556,9.374766225356095e-10,0.0,0.9999408721923828,0.99810791015625,{1.0}>{11.0}/{5.0}*{-1.0}-{-14.0}-{-15.0}+{0.0}<{4.0}/{-9.0}>{11.0}>{-7.0}<{7.0}/{-10.0}*{-3.0}*{-12.0}/{11.0}EOS,{1.0}>{11.0}/{5.0}*{-1.0}-{-14.0}-{-15.0}+{0.0}<{4.0}/{-9.0}>{11.0}>{-7.0}<{7.0}/{-10.0}*{-3.0}*{-12.0}/{11.0}EOS
111,1.0,0.0,1818624,0.0,0.0007704396953158721,0.0007704396953158721,0.0007704396953158721,1.957810387672788e-09,0.0,0.9998836517333984,0.99627685546875,0.00017782794100389227,0.00017782794100389227,16384,0.0,8.077701366460133e-05,8.077701366460133e-05,8.077701366460133e-05,-9.072190347320531e-10,0.0,0.9999904632568359,0.99969482421875,{-15.0}>{11.0}/{-2.0}*job_time_alive<job_delivery_relaxation/{4.0}/{6.0}+{1.0}<pair_number_of_alternative_operations/{7.0}*{4.0}-{-1.0}/job_remaining_number_of_operations-{-2.0}-job_time_alive>{6.0}EOS,{-15.0}>{11.0}/{-2.0}*job_time_alive<job_delivery_relaxation/{4.0}/{6.0}+{1.0}<pair_number_of_alternative_operations/{7.0}*{4.0}-{-1.0}/job_remaining_number_of_operations-{-2.0}-job_time_alive>{6.0}EOS
112,1.0,0.0,1835008,0.0,0.000703823379978985,0.000703823379978985,0.000703823379978985,1.2170211545351264e-09,0.0,0.9999008178710938,0.996826171875,0.00017782794100389227,0.00017782794100389227,16384,0.0,0.00013108854260934777,0.00013108854260934777,0.00013108854260934777,-7.464651928941165e-10,0.0,0.9999790191650391,0.99932861328125,{-3.0}+{15.0}>{-12.0}>{-13.0}<{-7.0}>{6.0}*{6.0}>{10.0}/{-2.0}+{11.0}+{-14.0}<{-10.0}*{-4.0}-{11.0}/{3.0}>{-4.0}EOS,{-3.0}+{15.0}>{-12.0}>{-13.0}<{-7.0}>{6.0}*{6.0}>{10.0}/{-2.0}+{11.0}+{-14.0}<{-10.0}*{-4.0}-{11.0}/{3.0}>{-4.0}EOS
113,1.0,0.0,1851392,0.0,0.000845479475628963,0.000845479475628963,0.000845479475628963,1.7938749456692347e-09,0.0,0.9998874664306641,0.99639892578125,0.00017782794100389227,0.00017782794100389227,16384,0.0,0.000194296958476059,0.000194296958476059,0.000194296958476059,6.985040500650727e-10,0.0,0.9999637603759766,0.99884033203125,job_time_alive<{-12.0}<{10.0}*{14.0}/{3.0}<operation_cooldown*{6.0}-{4.0}-{7.0}<{-10.0}<{14.0}<machine_cooldown>{6.0}*{5.0}>{-13.0}>{4.0}EOS,job_time_alive<{-12.0}<{10.0}*{14.0}/{3.0}<operation_cooldown*{6.0}-{4.0}-{7.0}<{-10.0}<{14.0}<machine_cooldown>{6.0}*{5.0}>{-13.0}>{4.0}EOS
114,1.0,0.0,1867776,0.0,0.0007635284636080542,0.0007635284636080542,0.0007635284636080542,1.5347788608858094e-09,0.0,0.9998779296875,0.99609375,0.00017782794100389227,0.00017782794100389227,16384,0.0,8.425362886299581e-05,8.425362886299581e-05,8.425362886299581e-05,-9.839576511834784e-10,0.0,0.9999885559082031,0.9996337890625,{4.0}+{-8.0}-{0.0}+{-6.0}+{0.0}*{-1.0}+{-13.0}>{6.0}*{-1.0}<{-13.0}/{-5.0}+{6.0}-{-6.0}/job_delivery_relaxation>{-4.0}/{4.0}EOS,{4.0}+{-8.0}-{0.0}+{-6.0}+{0.0}*{-1.0}+{-13.0}>{6.0}*{-1.0}<{-13.0}/{-5.0}+{6.0}-{-6.0}/job_delivery_relaxation>{-4.0}/{4.0}EOS
115,1.0,0.0,1884160,0.0,0.0006665556761049629,0.0006665556761049629,0.0006665556761049629,1.1813223258627789e-09,0.0,0.999908447265625,0.9970703125,0.00017782794100389227,0.00017782794100389227,16384,0.0,6.126887370072609e-05,6.126887370072609e-05,6.126887370072609e-05,-1.0162447864020367e-09,0.0,0.9999961853027344,0.9998779296875,{2.0}<job_remaining_work_to_complete+{0.0}<{-2.0}+{9.0}>{0.0}*{-13.0}<{-9.0}*{1.0}+{10.0}>job_remaining_work_to_complete/operation_cooldown>operation_cooldown>{0.0}>job_remaining_work_to_complete<{-6.0}EOS,{2.0}<job_remaining_work_to_complete+{0.0}<{-2.0}+{9.0}>{0.0}*{-13.0}<{-9.0}*{1.0}+{10.0}>job_remaining_work_to_complete/operation_cooldown>operation_cooldown>{0.0}>job_remaining_work_to_complete<{-6.0}EOS
116,1.0,0.0,1900544,0.0,0.0005862472501121374,0.0005862472501121374,0.0005862472501121374,9.890784052511096e-10,0.0,0.9999160766601562,0.997314453125,0.00017782794100389227,0.00017782794100389227,16384,0.0,0.00011642471860540127,0.00011642471860540127,0.00011642471860540127,-6.409620959126972e-10,0.0,0.9999904632568359,0.99969482421875,{-5.0}<{0.0}<job_relative_deadline-job_remaining_number_of_operations+operation_work_required>{-10.0}+{-8.0}>job_remaining_number_of_operations*{-1.0}>{5.0}<{0.0}+pair_expected_processing_time-{-8.0}<job_remaining_number_of_operations/warehouse_utilization_rate*{11.0}EOS,{-5.0}<{0.0}<job_relative_deadline-job_remaining_number_of_operations+operation_work_required>{-10.0}+{-8.0}>job_remaining_number_of_operations*{-1.0}>{5.0}<{0.0}+pair_expected_processing_time-{-8.0}<job_remaining_number_of_operations/warehouse_utilization_rate*{11.0}EOS
117,1.0,0.0,1916928,0.0,0.0006223065201425015,0.0006223065201425015,0.0006223065201425015,1.1242526536597375e-09,0.0,0.9999198913574219,0.9974365234375,0.00017782794100389227,0.00017782794100389227,16384,0.0,9.045079001168688e-05,9.045079001168688e-05,9.045079001168688e-05,-1.1077626941289644e-09,0.0,0.9999847412109375,0.99951171875,machine_capacity/{9.0}/{5.0}<{11.0}<job_remaining_work_to_complete<{-12.0}+{-3.0}*{12.0}*{14.0}+{4.0}/{-8.0}-{-13.0}<{5.0}-{-4.0}>{12.0}+{2.0}EOS,machine_capacity/{9.0}/{5.0}<{11.0}<job_remaining_work_to_complete<{-12.0}+{-3.0}*{12.0}*{14.0}+{4.0}/{-8.0}-{-13.0}<{5.0}-{-4.0}>{12.0}+{2.0}EOS
118,1.0,0.0,1933312,0.0,0.0005717442973605102,0.0005717442973605102,0.0005717442973605102,7.7477816049225e-10,0.0,0.9999275207519531,0.9976806640625,0.00017782794100389227,0.00017782794100389227,16384,0.0,5.8143835367729935e-05,5.8143835367729935e-05,5.8143835367729935e-05,-1.2599893745680402e-09,0.0,0.9999980926513672,0.99993896484375,{1.0}*{-11.0}>job_remaining_work_to_complete>pair_expected_work_power+job_lateness_penalty+{-13.0}<{-15.0}/{12.0}<{14.0}/job_remaining_work_to_complete-{-15.0}/{-7.0}+{13.0}<{7.0}*{13.0}<{-6.0}EOS,{1.0}*{-11.0}>job_remaining_work_to_complete>pair_expected_work_power+job_lateness_penalty+{-13.0}<{-15.0}/{12.0}<{14.0}/job_remaining_work_to_complete-{-15.0}/{-7.0}+{13.0}<{7.0}*{13.0}<{-6.0}EOS
119,1.0,0.0,1949696,0.0,0.0006012629064002795,0.0006012629064002795,0.0006012629064002795,6.75074812917691e-10,0.0,0.9999294281005859,0.99774169921875,0.00017782794100389227,0.00017782794100389227,16384,0.0,0.00010190811661203725,0.00010190811661203725,0.00010190811661203725,-1.1091260002440984e-09,0.0,0.9999847412109375,0.99951171875,{-13.0}<{-8.0}+{-2.0}>{14.0}<machine_replacement_cooldown*{12.0}>{11.0}+{-5.0}*{-5.0}<{2.0}+{2.0}>machine_cooldown*{12.0}>job_remaining_work_to_complete/{0.0}+{-12.0}EOS,{-13.0}<{-8.0}+{-2.0}>{14.0}<machine_replacement_cooldown*{12.0}>{11.0}+{-5.0}*{-5.0}<{2.0}+{2.0}>machine_cooldown*{12.0}>job_remaining_work_to_complete/{0.0}+{-12.0}EOS
120,1.0,0.0,1966080,0.0,0.0006430452453400903,0.0006430452453400903,0.0006430452453400903,8.553843593590285e-10,0.0,0.9998931884765625,0.99658203125,0.00017782794100389227,0.00017782794100389227,16384,0.0,0.00010316743269100925,0.00010316743269100925,0.00010316743269100925,-1.061151032102632e-09,0.0,0.9999752044677734,0.99920654296875,{12.0}+{0.0}>pair_expected_processing_time/job_remaining_work_to_complete-{-5.0}-{-9.0}>{9.0}>{-6.0}*{-10.0}<{-6.0}<{8.0}-{-8.0}+{8.0}<{-7.0}<{-12.0}<{2.0}EOS,{12.0}+{0.0}>pair_expected_processing_time/job_remaining_work_to_complete-{-5.0}-{-9.0}>{9.0}>{-6.0}*{-10.0}<{-6.0}<{8.0}-{-8.0}+{8.0}<{-7.0}<{-12.0}<{2.0}EOS
121,1.0,0.0,1982464,0.0,0.0005930002477043672,0.0005930002477043672,0.0005930002477043672,6.863298182818028e-10,0.0,0.9999313354492188,0.997802734375,9.999999999999999e-05,9.999999999999999e-05,16384,0.0,5.1509302984698024e-05,5.1509302984698024e-05,5.1509302984698024e-05,-1.3154686022252707e-09,0.0,0.9999980926513672,0.99993896484375,{11.0}<{-10.0}+{2.0}*{-5.0}-{3.0}+{5.0}+job_time_alive*operation_work_required/pair_number_of_alternative_operations*{10.0}>{-9.0}*{-9.0}-job_delivery_relaxation-{-15.0}/{6.0}-{11.0}EOS,{11.0}<{-10.0}+{2.0}*{-5.0}-{3.0}+{5.0}+job_time_alive*operation_work_required/pair_number_of_alternative_operations*{10.0}>{-9.0}*{-9.0}-job_delivery_relaxation-{-15.0}/{6.0}-{11.0}EOS
122,1.0,0.0,1998848,0.0,0.0005023735847657917,0.0005023735847657917,0.0005023735847657917,3.188936576554915e-10,0.0,0.9999504089355469,0.9984130859375,9.999999999999999e-05,9.999999999999999e-05,16384,0.0,4.11746557986703e-05,4.11746557986703e-05,4.11746557986703e-05,-1.3620802255184805e-09,0.0,0.9999980926513672,0.99993896484375,{10.0}/{-9.0}<{-9.0}/{-9.0}+{8.0}>job_relative_deadline+{-8.0}/{7.0}-pair_number_of_alternative_operations>job_earliness_penalty>{-5.0}>job_relative_deadline/{8.0}+operation_windup*operation_cooldown/{13.0}EOS,{10.0}/{-9.0}<{-9.0}/{-9.0}+{8.0}>job_relative_deadline+{-8.0}/{7.0}-pair_number_of_alternative_operations>job_earliness_penalty>{-5.0}>job_relative_deadline/{8.0}+operation_windup*operation_cooldown/{13.0}EOS
123,1.0,0.0,2015232,0.0,0.00041170032773152343,0.00041170032773152343,0.00041170032773152343,4.3189842167620264e-10,0.0,0.999969482421875,0.9990234375,9.999999999999999e-05,9.999999999999999e-05,16384,0.0,3.5936379532586216e-05,3.5936379532586216e-05,3.5936379532586216e-05,-1.545798204634916e-09,0.0,1.0,1.0,{-1.0}+operation_work_required*operation_cooldown*pair_expected_processing_time*{-10.0}/job_lateness_penalty-{-15.0}/{12.0}<{-8.0}>{7.0}-{12.0}-{-6.0}-{-11.0}<{1.0}>{-15.0}-{3.0}EOS,{-1.0}+operation_work_required*operation_cooldown*pair_expected_processing_time*{-10.0}/job_lateness_penalty-{-15.0}/{12.0}<{-8.0}>{7.0}-{12.0}-{-6.0}-{-11.0}<{1.0}>{-15.0}-{3.0}EOS
124,1.0,0.0,2031616,0.0,0.0003903800000557567,0.0003903800000557567,0.0003903800000557567,2.1839446065128037e-10,0.0,0.9999637603759766,0.99884033203125,9.999999999999999e-05,9.999999999999999e-05,16384,0.0,3.025880078766363e-05,3.025880078766363e-05,3.025880078766363e-05,-1.6239010744282557e-09,0.0,1.0,1.0,{3.0}*{-7.0}*operation_windup>{1.0}*{-5.0}<{0.0}>{-7.0}+{-9.0}<{15.0}-{2.0}-{-9.0}+{4.0}+{-14.0}-{-10.0}<{13.0}/job_relative_deadlineEOS,{3.0}*{-7.0}*operation_windup>{1.0}*{-5.0}<{0.0}>{-7.0}+{-9.0}<{15.0}-{2.0}-{-9.0}+{4.0}+{-14.0}-{-10.0}<{13.0}/job_relative_deadlineEOS
125,1.0,0.0,2048000,0.0,0.0003682278114069959,0.0003682278114069959,0.0003682278114069959,1.568898795465323e-10,0.0,0.999969482421875,0.9990234375,9.999999999999999e-05,9.999999999999999e-05,16384,0.0,3.1287285022330025e-05,3.1287285022330025e-05,3.1287285022330025e-05,-1.5712640429217661e-09,0.0,1.0,1.0,{1.0}+job_delivery_relaxation>{0.0}<{-10.0}/{14.0}>{-2.0}/{6.0}-{5.0}<machine_replacement_cooldown-{-13.0}<{-12.0}/{2.0}*{-5.0}*{-11.0}<{-10.0}-{5.0}EOS,{1.0}+job_delivery_relaxation>{0.0}<{-10.0}/{14.0}>{-2.0}/{6.0}-{5.0}<machine_replacement_cooldown-{-13.0}<{-12.0}/{2.0}*{-5.0}*{-11.0}<{-10.0}-{5.0}EOS
126,1.0,0.0,2064384,0.0,0.0003683383667976159,0.0003683383667976159,0.0003683383667976159,1.504097554106765e-10,0.0,0.9999599456787109,0.99871826171875,9.999999999999999e-05,9.999999999999999e-05,16384,0.0,3.0508375608917504e-05,3.0508375608917504e-05,3.0508375608917504e-05,-1.7050734506219526e-09,0.0,0.9999980926513672,0.99993896484375,machine_cooldown/pair_number_of_alternative_operations+{1.0}>pair_number_of_alternative_machines/{-6.0}>warehouse_utilization_rate>machine_current_breakdown_rate>{-9.0}>{-13.0}>{13.0}-{-14.0}>{11.0}-{-13.0}/{-7.0}*{-10.0}/machine_replacement_cooldownEOS,machine_cooldown/pair_number_of_alternative_operations+{1.0}>pair_number_of_alternative_machines/{-6.0}>warehouse_utilization_rate>machine_current_breakdown_rate>{-9.0}>{-13.0}>{13.0}-{-14.0}>{11.0}-{-13.0}/{-7.0}*{-10.0}/machine_replacement_cooldownEOS
127,1.0,0.0,2080768,0.0,0.00032738078152760863,0.00032738078152760863,0.00032738078152760863,1.2960501085974158e-10,0.0,0.9999752044677734,0.99920654296875,9.999999999999999e-05,9.999999999999999e-05,16384,0.0,2.7353257625151173e-05,2.7353257625151173e-05,2.7353257625151173e-05,-1.6811992249054662e-09,0.0,1.0,1.0,operation_cooldown+{-4.0}<{-8.0}<{10.0}+{7.0}/{7.0}*operation_cooldown>{-9.0}*{14.0}/{-1.0}>{-4.0}<{14.0}*{-13.0}>{10.0}+job_lateness_penalty/{-3.0}EOS,operation_cooldown+{-4.0}<{-8.0}<{10.0}+{7.0}/{7.0}*operation_cooldown>{-9.0}*{14.0}/{-1.0}>{-4.0}<{14.0}*{-13.0}>{10.0}+job_lateness_penalty/{-3.0}EOS
128,1.0,0.0,2097152,0.0,0.0003341838578023726,0.0003341838578023726,0.0003341838578023726,1.8874024007098714e-11,0.0,0.9999732971191406,0.9991455078125,9.999999999999999e-05,9.999999999999999e-05,16384,0.0,2.9545695888089085e-05,2.9545695888089085e-05,2.9545695888089085e-05,-1.6503900752132998e-09,0.0,1.0,1.0,{-10.0}*{0.0}>machine_current_breakdown_rate+{7.0}<job_time_alive+{-2.0}+{-15.0}+{8.0}+{-1.0}-{-12.0}>{15.0}+job_time_alive/{-13.0}<{14.0}<{14.0}/{5.0}EOS,{-10.0}*{0.0}>machine_current_breakdown_rate+{7.0}<job_time_alive+{-2.0}+{-15.0}+{8.0}+{-1.0}-{-12.0}>{15.0}+job_time_alive/{-13.0}<{14.0}<{14.0}/{5.0}EOS
129,1.0,0.0,2113536,0.0,0.00032271887366164265,0.00032271887366164265,0.00032271887366164265,6.980573229371269e-11,0.0,0.9999752044677734,0.99920654296875,9.999999999999999e-05,9.999999999999999e-05,16384,0.0,2.5663092277028454e-05,2.5663092277028454e-05,2.5663092277028454e-05,-1.7332678388522985e-09,0.0,1.0,1.0,{-15.0}-{3.0}-{0.0}/{10.0}<job_earliness_penalty/{-1.0}-pair_number_of_alternative_machines<{15.0}-{5.0}-{-15.0}-{8.0}/{2.0}+operation_cooldown-{-7.0}>machine_cooldown/pair_expected_work_powerEOS,{-15.0}-{3.0}-{0.0}/{10.0}<job_earliness_penalty/{-1.0}-pair_number_of_alternative_machines<{15.0}-{5.0}-{-15.0}-{8.0}/{2.0}+operation_cooldown-{-7.0}>machine_cooldown/pair_expected_work_powerEOS
130,1.0,0.0,2129920,0.0,0.00028687172036256925,0.00028687172036256925,0.00028687172036256925,-4.933805906957422e-11,0.0,0.9999828338623047,0.99945068359375,9.999999999999999e-05,9.999999999999999e-05,16384,0.0,2.519549905954932e-05,2.519549905954932e-05,2.519549905954932e-05,-1.8477504669145483e-09,0.0,0.9999980926513672,0.99993896484375,{-3.0}+{6.0}/{-5.0}/{12.0}*pair_number_of_alternative_machines+{9.0}+{-4.0}+{3.0}/{11.0}<{-13.0}>{4.0}+{-8.0}/machine_capacity>machine_capacity-{8.0}+machine_current_breakdown_rateEOS,{-3.0}+{6.0}/{-5.0}/{12.0}*pair_number_of_alternative_machines+{9.0}+{-4.0}+{3.0}/{11.0}<{-13.0}>{4.0}+{-8.0}/machine_capacity>machine_capacity-{8.0}+machine_current_breakdown_rateEOS
131,1.0,0.0,2146304,0.0,0.00027354496393172667,0.00027354496393172667,0.00027354496393172667,-1.807601112248456e-10,0.0,0.9999771118164062,0.999267578125,9.999999999999999e-05,9.999999999999999e-05,16384,0.0,2.3351034645457958e-05,2.3351034645457958e-05,2.3351034645457958e-05,-1.837063913438645e-09,0.0,1.0,1.0,operation_work_required>{8.0}<{-8.0}<pair_number_of_alternative_machines<{-1.0}*{14.0}<{3.0}>{2.0}/{-9.0}>{-7.0}<{9.0}>{-13.0}>{-6.0}*{9.0}+{11.0}-pair_number_of_alternative_machinesEOS,operation_work_required>{8.0}<{-8.0}<pair_number_of_alternative_machines<{-1.0}*{14.0}<{3.0}>{2.0}/{-9.0}>{-7.0}<{9.0}>{-13.0}>{-6.0}*{9.0}+{11.0}-pair_number_of_alternative_machinesEOS
132,1.0,0.0,2162688,0.0,0.0002759691888343241,0.0002759691888343241,0.0002759691888343241,-7.469027844396892e-11,0.0,0.9999771118164062,0.999267578125,9.999999999999999e-05,9.999999999999999e-05,16384,0.0,2.3320123535341963e-05,2.3320123535341963e-05,2.3320123535341963e-05,-1.9579130138865216e-09,0.0,1.0,1.0,{-5.0}+{-6.0}<warehouse_utilization_rate/{1.0}<{-1.0}<{-9.0}*{3.0}+{4.0}*operation_windup-{-4.0}-{-5.0}/machine_replacement_cooldown/job_relative_deadline+{-9.0}/{-5.0}+{11.0}EOS,{-5.0}+{-6.0}<warehouse_utilization_rate/{1.0}<{-1.0}<{-9.0}*{3.0}+{4.0}*operation_windup-{-4.0}-{-5.0}/machine_replacement_cooldown/job_relative_deadline+{-9.0}/{-5.0}+{11.0}EOS
133,1.0,0.0,2179072,0.0,0.00027632807055510966,0.00027632807055510966,0.00027632807055510966,-3.481070941349423e-10,0.0,0.9999809265136719,0.9993896484375,9.999999999999999e-05,9.999999999999999e-05,16384,0.0,2.0175994503546235e-05,2.0175994503546235e-05,2.0175994503546235e-05,-2.001114064750331e-09,0.0,1.0,1.0,job_earliness_penalty*{3.0}<{-2.0}-machine_cooldown>{-13.0}<{3.0}+{9.0}<{2.0}>{14.0}>{10.0}<{3.0}+{-2.0}>{-7.0}-machine_capacity*{5.0}/{14.0}EOS,job_earliness_penalty*{3.0}<{-2.0}-machine_cooldown>{-13.0}<{3.0}+{9.0}<{2.0}>{14.0}>{10.0}<{3.0}+{-2.0}>{-7.0}-machine_capacity*{5.0}/{14.0}EOS
134,1.0,0.0,2195456,0.0,0.00027033466142256657,0.00027033466142256657,0.00027033466142256657,-2.14070362361562e-10,0.0,0.9999847412109375,0.99951171875,9.999999999999999e-05,9.999999999999999e-05,16384,0.0,1.8822843578902848e-05,1.8822843578902848e-05,1.8822843578902848e-05,-1.9028886345871625e-09,0.0,1.0,1.0,pair_number_of_alternative_operations<{-7.0}>{-12.0}-{2.0}/{-8.0}+{-14.0}>{11.0}-job_time_alive*{7.0}/{-1.0}-{15.0}>{12.0}*{-9.0}<{0.0}<{0.0}/operation_work_requiredEOS,pair_number_of_alternative_operations<{-7.0}>{-12.0}-{2.0}/{-8.0}+{-14.0}>{11.0}-job_time_alive*{7.0}/{-1.0}-{15.0}>{12.0}*{-9.0}<{0.0}<{0.0}/operation_work_requiredEOS
135,1.0,0.0,2211840,0.0,0.00025266294059633765,0.00025266294059633765,0.00025266294059633765,-2.557934819226405e-10,0.0,0.9999847412109375,0.99951171875,5.62341325190349e-05,5.62341325190349e-05,16384,0.0,1.9110562057278457e-05,1.9110562057278457e-05,1.9110562057278457e-05,-1.943133770031312e-09,0.0,1.0,1.0,{6.0}-pair_expected_work_power+{0.0}*{8.0}*machine_replacement_cooldown*{-11.0}>{0.0}*{-5.0}>{10.0}<machine_capacity<{12.0}<pair_expected_work_power*{-12.0}+machine_capacity<machine_capacity*{12.0}EOS,{6.0}-pair_expected_work_power+{0.0}*{8.0}*machine_replacement_cooldown*{-11.0}>{0.0}*{-5.0}>{10.0}<machine_capacity<{12.0}<pair_expected_work_power*{-12.0}+machine_capacity<machine_capacity*{12.0}EOS
136,1.0,0.0,2228224,0.0,0.00022470541463803784,0.00022470541463803784,0.00022470541463803784,-2.60681834029098e-10,0.0,0.9999828338623047,0.99945068359375,5.62341325190349e-05,5.62341325190349e-05,16384,0.0,1.6716070556199725e-05,1.6716070556199725e-05,1.6716070556199725e-05,-2.071031471860031e-09,0.0,1.0,1.0,{-4.0}>pair_number_of_alternative_operations>machine_replacement_cooldown>{8.0}+{-6.0}<{-3.0}>{10.0}-job_remaining_work_to_complete<{-5.0}>{13.0}*{-10.0}/{3.0}>{9.0}+{-12.0}<{8.0}/{13.0}EOS,{-4.0}>pair_number_of_alternative_operations>machine_replacement_cooldown>{8.0}+{-6.0}<{-3.0}>{10.0}-job_remaining_work_to_complete<{-5.0}>{13.0}*{-10.0}/{3.0}>{9.0}+{-12.0}<{8.0}/{13.0}EOS
